{"stats":{"minecraft:dropped":{"iceandfire:raw_silver":1,"minecraft:diamond":2,"minecraft:crafting_table":1,"minecraft:leather":7,"ancient_elements:stone_hammer":3,"paraglider:spirit_orb":2,"minecraft:cobblestone_stairs":4,"minecraft:dirt":16,"ancient_elements:raw_jungle_steel":10,"minecraft:mutton":2,"minecraft:sand":10,"minecraft:iron_pickaxe":1,"minecraft:bone":12,"minecraft:gravel":4,"minecraft:cobbled_deepslate":60,"minecraft:rotten_flesh":3,"iceandfire:fire_lily":2,"minecraft:charcoal":1,"create:limestone":5,"minecraft:arrow":1,"iceandfire:manuscript":9,"minecraft:enchanted_book":1,"minecraft:iron_ingot":6,"minecraft:bread":9,"minecraft:wheat_seeds":5,"minecraft:mossy_cobblestone":7,"evilcraft:condensed_blood":38,"minecraft:diamond_leggings":1,"minecraft:cobblestone":759,"minecraft:granite":41,"cubicracers:mach_celere":1,"minecraft:coal_block":2,"minecraft:stick":5,"minecraft:cobweb":2,"minecraft:gray_wool":1,"minecraft:diorite":133,"tombstone:grave_key":1,"tombstone:grave_dust":8,"minecraft:dead_bush":1,"minecraft:oak_stairs":3,"minecraft:iron_shovel":1,"minecraft:redstone":1,"minecraft:kelp":2,"minecraft:smooth_stone_slab":1,"minecraft:light_gray_wool":6,"minecraft:iron_boots":2,"minecraft:stripped_oak_log":2,"alexsmobs:bear_fur":6,"minecraft:filled_map":1,"minecraft:andesite":11,"minecraft:spider_eye":1,"minecraft:bamboo":9,"tombstone:essence_of_undeath":1,"minecraft:diamond_boots":1,"minecraft:bow":1,"minecraft:calcite":1},"minecraft:broken":{"minecraft:iron_leggings":1,"ancient_elements:stone_hammer":2,"minecraft:wooden_axe":1,"ancient_elements:iron_hammer":1,"minecraft:wooden_pickaxe":1,"minecraft:iron_helmet":1},"minecraft:custom":{"minecraft:interact_with_crafting_table":44,"minecraft:open_barrel":5,"minecraft:bell_ring":13,"minecraft:leave_game":5,"minecraft:time_since_death":181129,"minecraft:damage_resisted":676,"minecraft:sprint_one_cm":463017,"minecraft:drop":126,"minecraft:talked_to_villager":6,"minecraft:play_time":351002,"minecraft:deaths":3,"minecraft:jump":6782,"minecraft:walk_on_water_one_cm":84532,"minecraft:enchant_item":2,"minecraft:interact_with_furnace":25,"minecraft:interact_with_loom":16,"minecraft:sleep_in_bed":3,"minecraft:waystone_activated":1,"minecraft:damage_dealt":22190,"minecraft:crouch_one_cm":4211,"tombstone:undead_killed":64,"minecraft:inspect_dispenser":1,"minecraft:interact_with_smithing_table":3,"minecraft:mob_kills":116,"minecraft:damage_dealt_resisted":99,"minecraft:climb_one_cm":8977,"minecraft:walk_one_cm":439189,"minecraft:damage_dealt_absorbed":120,"minecraft:sneak_time":2280,"minecraft:walk_under_water_one_cm":42865,"minecraft:boat_one_cm":73768,"minecraft:interact_with_blast_furnace":23,"minecraft:total_world_time":351002,"tombstone:raider_killed":6,"minecraft:interact_with_grindstone":1,"minecraft:time_since_rest":62127,"minecraft:damage_taken":8771,"minecraft:damage_absorbed":1102,"minecraft:swim_one_cm":174536,"minecraft:fly_one_cm":1461128,"minecraft:open_chest":68,"minecraft:fall_one_cm":178710},"minecraft:crafted":{"minecraft:black_dye":3,"minecraft:oak_planks":32,"minecraft:iron_boots":1,"sophisticatedbackpacks:copper_backpack":1,"minecraft:chest":1,"sophisticatedbackpacks:backpack":1,"minecraft:crafting_table":3,"minecraft:wooden_pickaxe":1,"minecraft:iron_helmet":1,"minecraft:copper_ingot":40,"minecraft:charcoal":2,"minecraft:stick":12,"minecraft:iron_ingot":60,"minecraft:iron_block":2,"minecraft:gold_ingot":12,"ancient_elements:stone_hammer":3,"minecraft:furnace":1,"minecraft:gray_dye":2,"minecraft:wheat":45,"sophisticatedbackpacks:iron_backpack":1,"cubicracers:zipper":1,"minecraft:bread":15,"minecraft:air":0,"minecraft:jungle_planks":4,"minecraft:white_dye":1,"minecraft:wooden_axe":1,"minecraft:iron_leggings":1,"ancient_elements:iron_hammer":1,"minecraft:torch":4},"minecraft:used":{"gobber2:gobber2_goo":8,"gobber2:gobber2_gooey_bread":4,"minecraft:chest":2,"minecraft:rotten_flesh":36,"create:cogwheel":2,"alexscaves:acid_bucket":1,"minecraft:lava_bucket":18,"minecraft:iron_helmet":1,"simpleplanes:plane":1,"minecraft:furnace":2,"minecraft:diamond_boots":1,"minecraft:wooden_pickaxe":69,"minecraft:golden_apple":4,"minecraft:glow_berries":16,"minecraft:blast_furnace":2,"gobber2:gobber2_gooey_beefstew":3,"minecraft:melon_slice":41,"minecraft:bread":44,"cubicracers:zipper":1,"minecraft:oak_boat":1,"cubicracers:mach_celere":1,"minecraft:redstone":2,"minecraft:torch":58,"create:mechanical_pump":4,"minecraft:granite":3,"ancient_elements:stone_hammer":372,"minecraft:wooden_axe":69,"paraglider:horned_statue":1,"minecraft:oak_stairs":1,"create:hose_pulley":9,"minecraft:iron_boots":1,"create:creative_motor":2,"minecraft:diamond_chestplate":1,"minecraft:light_gray_wool":2,"gobber2:gobber2_gooey_beef":7,"minecraft:beef":3,"tombstone:gift":4,"create:fluid_pipe":15,"minecraft:cooked_beef":2,"minecraft:cobbled_deepslate":6,"minecraft:enchanted_golden_apple":10,"minecraft:iron_leggings":1,"minecraft:cooked_mutton":7,"minecraft:birch_planks":3,"ancient_elements:iron_hammer":164,"create:item_drain":6,"minecraft:salmon":1,"minecraft:crafting_table":6,"bosses_of_mass_destruction:soul_star":1,"minecraft:oak_log":7,"minecraft:apple":2,"iceandfire:dragonbone_sword_fire":187,"minecraft:chicken":1,"minecraft:iron_pickaxe":160,"tombstone:magic_scroll":2,"minecraft:cobblestone":182,"minecraft:potion":1,"minecraft:bucket":19,"alexsmobs:animal_dictionary":1,"minecraft:sea_pickle":4,"create:hand_crank":1},"minecraft:mined":{"minecraft:cut_sandstone_slab":1,"minecraft:granite":12,"minecraft:cave_vines_plant":3,"minecraft:potted_dead_bush":1,"minecraft:grass_block":7,"gobber2:gobber2_lucky_block":4,"minecraft:jungle_log":3,"minecraft:spawner":2,"minecraft:tall_seagrass":3,"farmersdelight:wild_rice":11,"minecraft:iron_ore":28,"minecraft:sticky_piston":3,"minecraft:fire":1,"ancient_elements:tin_ore":4,"minecraft:pointed_dripstone":1,"minecraft:cave_vines":4,"minecraft:oak_stairs":4,"create:limestone":5,"minecraft:tripwire":1,"minecraft:deepslate_redstone_ore":1,"minecraft:kelp_plant":1,"minecraft:clay":23,"minecraft:torch":32,"minecraft:blast_furnace":2,"minecraft:melon":8,"minecraft:chest":2,"create:scoria":1,"iceandfire:fire_lily":2,"minecraft:cobblestone":3,"minecraft:oak_planks":4,"minecraft:smooth_sandstone_slab":2,"minecraft:wall_torch":22,"minecraft:seagrass":2,"minecraft:fire_coral_fan":1,"minecraft:repeater":1,"minecraft:wheat":1,"minecraft:light_gray_wool":5,"minecraft:tnt":3,"minecraft:grass":57,"minecraft:oak_log":8,"minecraft:sand":10,"minecraft:dirt":8,"minecraft:oak_leaves":10,"minecraft:deepslate":59,"minecraft:tuff":1,"ancient_elements:lead_ore":4,"minecraft:mossy_cobblestone":2,"minecraft:redstone_wire":3,"minecraft:moss_block":2,"minecraft:horn_coral_wall_fan":1,"minecraft:hay_block":5,"minecraft:furnace":1,"minecraft:andesite":15,"evilcraft:dark_ore":2,"minecraft:deepslate_iron_ore":13,"minecraft:vine":4,"ancient_elements:palladium_ore":5,"minecraft:stripped_oak_log":2,"minecraft:bamboo":7,"minecraft:stone":323,"ancient_elements:deepslate_lead_ore":1,"minecraft:podzol":1,"minecraft:polished_granite":2,"minecraft:crafting_table":3,"minecraft:copper_ore":11,"minecraft:tall_grass":18,"minecraft:lapis_ore":1,"minecraft:deepslate_gold_ore":12,"farmersdelight:wild_tomatoes":3,"minecraft:diorite":24,"minecraft:birch_planks":3,"graveyard:skull_with_rib_cage":1,"minecraft:sea_pickle":1,"gobber2:gobber2_lucky_block_deepslate":2,"minecraft:coal_ore":4,"minecraft:cocoa":2,"graveyard:leaning_skeleton":1,"minecraft:gravel":5,"minecraft:dripstone_block":2,"minecraft:cobweb":1,"minecraft:fern":6},"minecraft:picked_up":{"minecraft:oak_stairs":4,"minecraft:enchanted_book":1,"ancient_elements:raw_palladium":5,"create:limestone":10,"iceandfire:manuscript":9,"minecraft:string":8,"minecraft:raw_copper":188,"minecraft:smooth_stone_slab":1,"cubicracers:mach_celere":3,"minecraft:sticky_piston":3,"ancient_elements:stone_hammer":2,"minecraft:sea_pickle":4,"minecraft:cobbled_deepslate":66,"bosses_of_mass_destruction:soul_star":2,"minecraft:calcite":1,"minecraft:iron_pickaxe":1,"minecraft:melon_slice":42,"minecraft:iron_boots":1,"minecraft:furnace":1,"cubicracers:zipper":1,"minecraft:stick":6,"minecraft:torch":56,"tombstone:grave_dust":11,"minecraft:diorite":195,"alexsmobs:centipede_leg":2,"gobber2:gobber2_foo":4,"minecraft:rotten_flesh":33,"evilcraft:condensed_blood":19,"minecraft:cobblestone":954,"minecraft:feather":1,"minecraft:cooked_beef":2,"minecraft:repeater":1,"farmersdelight:rice":11,"minecraft:andesite":11,"minecraft:jungle_log":3,"alexsmobs:bear_fur":9,"paraglider:spirit_orb":6,"ancient_elements:raw_lead":7,"minecraft:flint":3,"create:raw_zinc":12,"minecraft:lapis_lazuli":80,"minecraft:dirt":16,"minecraft:bone":17,"minecraft:bow":1,"gobber2:gobber2_gooey_beef":7,"minecraft:wheat_seeds":6,"minecraft:raw_gold":23,"gobber2:gobber2_globette":6,"minecraft:bamboo":85,"minecraft:moss_block":2,"gobber2:gobber2_gooey_bread":4,"alexsmobs:crocodile_egg":2,"minecraft:sand":10,"minecraft:ink_sac":3,"minecraft:dead_bush":1,"minecraft:mossy_cobblestone":7,"minecraft:bundle":1,"minecraft:diamond":1,"iceandfire:dragonbone_sword_fire":1,"minecraft:granite":67,"minecraft:bread":9,"ancient_elements:raw_jungle_steel":20,"gobber2:gobber2_goo":8,"iceandfire:raw_silver":1,"minecraft:cocoa_beans":6,"minecraft:crafting_table":4,"minecraft:chicken":1,"minecraft:clay_ball":64,"iceandfire:fire_lily":2,"evilcraft:poison_sac":2,"minecraft:iron_shovel":1,"dungeonnowloading:spawner_fragment":11,"minecraft:beef":3,"minecraft:light_gray_wool":8,"minecraft:chest":2,"minecraft:raw_iron":60,"ancient_elements:raw_steel":6,"minecraft:oak_door":1,"farmersdelight:tomato_seeds":3,"ancient_elements:raw_tin":16,"create:hand_crank":1,"minecraft:redstone":3,"minecraft:tnt":3,"minecraft:diamond_chestplate":1,"minecraft:arrow":15,"minecraft:hay_block":5,"tombstone:essence_of_undeath":1,"paraglider:horned_statue":1,"minecraft:mutton":2,"minecraft:glow_berries":7,"minecraft:stripped_oak_log":2,"minecraft:glow_ink_sac":3,"minecraft:salmon":1,"minecraft:leather":2,"gobber2:gobber2_gooey_beefstew":3,"minecraft:birch_planks":3,"minecraft:oak_log":8,"minecraft:gunpowder":12,"minecraft:cobblestone_stairs":4,"tombstone:gift":1,"minecraft:cooked_mutton":7,"minecraft:kelp":2,"mowziesmobs:foliaath_seed":1,"minecraft:cobweb":2,"artifacts:obsidian_skull":1,"minecraft:gravel":4,"minecraft:blast_furnace":2,"minecraft:spider_eye":1,"minecraft:gray_wool":1,"tombstone:magic_scroll":2,"minecraft:coal":23},"minecraft:killed":{"minecraft:spider":7,"minecraft:skeleton":10,"minecraft:bee":2,"minecraft:chicken":1,"minecraft:silverfish":5,"alexsmobs:centipede_head":1,"alexsmobs:grizzly_bear":1,"minecraft:creeper":11,"minecraft:sheep":1,"minecraft:pillager":1,"minecraft:zombie":47,"minecraft:glow_squid":1,"minecraft:cow":1,"alexsmobs:raccoon":1,"alexsmobs:rattlesnake":1,"minecraft:drowned":2,"alexsmobs:flying_fish":1,"graveyard:ghoul":1,"minecraft:squid":1,"alexsmobs:crocodile":1,"evilcraft:poisonous_libelle":2,"minecraft:wither_skeleton":4}},"DataVersion":3465}