{"stats":{"minecraft:picked_up":{"minecraft:kelp":1,"minecraft:oak_stairs":4,"minecraft:sand":10,"minecraft:bamboo":35,"minecraft:melon_slice":7},"minecraft:custom":{"minecraft:time_since_rest":1,"minecraft:play_time":28387,"minecraft:sprint_one_cm":15595,"minecraft:deaths":2,"minecraft:damage_taken":545,"minecraft:walk_one_cm":14303,"minecraft:sneak_time":18,"minecraft:walk_under_water_one_cm":3056,"minecraft:jump":300,"minecraft:damage_dealt":273,"minecraft:leave_game":1,"minecraft:walk_on_water_one_cm":9521,"minecraft:time_since_death":1349,"minecraft:climb_one_cm":49,"minecraft:total_world_time":28387,"minecraft:swim_one_cm":33796,"minecraft:fall_one_cm":8612,"minecraft:fly_one_cm":60865},"minecraft:used":{"minecraft:oak_stairs":1,"minecraft:melon_slice":6,"tombstone:gift":2},"minecraft:mined":{"minecraft:seagrass":1,"minecraft:grass":1,"minecraft:tall_seagrass":2,"minecraft:melon":2,"minecraft:vine":1,"minecraft:oak_stairs":4,"minecraft:sand":10,"minecraft:kelp_plant":1,"minecraft:bamboo":3,"minecraft:oak_planks":1,"minecraft:fern":1}},"DataVersion":3465}