{"stats":{"minecraft:picked_up":{"minecraft:oak_stairs":4,"minecraft:sand":10,"minecraft:kelp":1,"minecraft:bamboo":35,"minecraft:melon_slice":7},"minecraft:custom":{"minecraft:time_since_rest":10950,"minecraft:sprint_one_cm":18220,"minecraft:damage_taken":545,"minecraft:walk_one_cm":20411,"minecraft:mob_kills":1,"minecraft:damage_dealt":491,"minecraft:swim_one_cm":33796,"minecraft:fly_one_cm":150075,"minecraft:crouch_one_cm":235,"minecraft:play_time":40387,"tombstone:undead_killed":1,"minecraft:deaths":2,"minecraft:sneak_time":513,"minecraft:walk_under_water_one_cm":3056,"minecraft:jump":364,"minecraft:leave_game":1,"minecraft:time_since_death":13349,"minecraft:walk_on_water_one_cm":9770,"minecraft:total_world_time":40387,"minecraft:climb_one_cm":86,"minecraft:fall_one_cm":8612},"minecraft:killed":{"minecraft:skeleton":1},"minecraft:used":{"minecraft:oak_stairs":1,"minecraft:melon_slice":6,"create:hose_pulley":4,"create:creative_motor":1,"create:item_drain":1,"simpleplanes:plane":1,"create:mechanical_pump":4,"create:cogwheel":2,"tombstone:gift":2,"create:fluid_pipe":15,"create:hand_crank":1},"minecraft:mined":{"minecraft:seagrass":1,"minecraft:tall_seagrass":2,"minecraft:kelp_plant":1,"minecraft:grass":1,"minecraft:vine":1,"minecraft:melon":2,"minecraft:oak_stairs":4,"minecraft:sand":10,"minecraft:bamboo":3,"minecraft:oak_planks":1,"minecraft:fern":1}},"DataVersion":3465}