{"stats":{"minecraft:picked_up":{"minecraft:oak_stairs":4,"minecraft:sand":10,"create:hand_crank":1,"minecraft:kelp":1,"minecraft:bamboo":35,"minecraft:melon_slice":7},"minecraft:custom":{"minecraft:time_since_rest":19671,"minecraft:sprint_one_cm":20539,"minecraft:damage_taken":615,"minecraft:walk_one_cm":26788,"minecraft:mob_kills":1,"minecraft:damage_dealt":491,"minecraft:swim_one_cm":35067,"minecraft:fly_one_cm":179665,"minecraft:crouch_one_cm":477,"minecraft:play_time":49108,"tombstone:undead_killed":1,"minecraft:deaths":2,"minecraft:sneak_time":844,"minecraft:walk_under_water_one_cm":3508,"minecraft:jump":420,"minecraft:leave_game":2,"minecraft:time_since_death":22070,"minecraft:walk_on_water_one_cm":10500,"minecraft:total_world_time":49108,"minecraft:climb_one_cm":86,"minecraft:fall_one_cm":9997},"minecraft:killed":{"minecraft:skeleton":1},"minecraft:used":{"minecraft:oak_log":7,"alexscaves:acid_bucket":1,"minecraft:oak_stairs":1,"minecraft:melon_slice":6,"create:hose_pulley":9,"create:creative_motor":2,"create:item_drain":6,"simpleplanes:plane":1,"create:mechanical_pump":4,"minecraft:potion":1,"create:cogwheel":2,"tombstone:gift":2,"create:fluid_pipe":15,"create:hand_crank":1},"minecraft:mined":{"minecraft:seagrass":1,"minecraft:tall_seagrass":2,"minecraft:kelp_plant":1,"minecraft:grass":1,"minecraft:vine":1,"minecraft:melon":2,"minecraft:oak_stairs":4,"minecraft:sand":10,"minecraft:bamboo":3,"minecraft:oak_planks":1,"minecraft:fern":1}},"DataVersion":3465}