{"stats":{"minecraft:broken":{"minecraft:iron_leggings":1,"ancient_elements:stone_hammer":2,"minecraft:diamond_boots":1,"minecraft:wooden_axe":1,"minecraft:bow":1,"ancient_elements:iron_hammer":1,"minecraft:wooden_pickaxe":1,"minecraft:iron_helmet":1},"minecraft:picked_up":{"minecraft:oak_stairs":4,"minecraft:enchanted_book":1,"ancient_elements:raw_palladium":5,"iceandfire:manuscript":9,"minecraft:raw_copper":188,"minecraft:string":32,"create:limestone":10,"minecraft:smooth_stone_slab":1,"minecraft:iron_leggings":1,"cubicracers:mach_celere":3,"minecraft:sticky_piston":3,"gobber2:gobber2_glass_nether":2,"minecraft:experience_bottle":1,"ancient_elements:stone_hammer":2,"minecraft:sea_pickle":4,"alexsmobs:blood_sac":5,"minecraft:gold_nugget":2,"minecraft:cobbled_deepslate":66,"bosses_of_mass_destruction:soul_star":3,"minecraft:bucket":2,"minecraft:calcite":1,"minecraft:iron_pickaxe":1,"minecraft:melon_slice":42,"minecraft:iron_boots":1,"minecraft:furnace":1,"minecraft:stick":8,"cubicracers:zipper":12,"create:andesite_casing":2,"minecraft:oak_fence":2,"minecraft:torch":63,"minecraft:porkchop":2,"tombstone:grave_dust":11,"minecraft:diorite":195,"alexsmobs:centipede_leg":2,"gobber2:gobber2_foo":4,"create:large_cogwheel":1,"minecraft:rotten_flesh":40,"minecraft:wolf_spawn_egg":1,"evilcraft:condensed_blood":19,"minecraft:cobblestone":1086,"minecraft:birch_log":13,"minecraft:magma_block":4,"minecraft:feather":6,"minecraft:cooked_beef":5,"farmersdelight:rice":11,"minecraft:repeater":1,"minecraft:iron_door":1,"minecraft:andesite":75,"minecraft:jungle_log":3,"minecraft:brown_wool":2,"ancient_elements:raw_lead":7,"alexsmobs:bear_fur":9,"create:belt_connector":2,"paraglider:spirit_orb":6,"minecraft:flint":3,"create:raw_zinc":12,"gobber2:gobber2_gooey_bread_nether":4,"minecraft:lapis_lazuli":80,"minecraft:dirt":205,"minecraft:glass":1,"minecraft:bone":72,"minecraft:bow":5,"gobber2:gobber2_gooey_beef":7,"minecraft:wheat_seeds":15,"minecraft:raw_gold":23,"create:shaft":33,"gobber2:gobber2_globette":6,"minecraft:diamond_helmet":1,"minecraft:bamboo":85,"minecraft:moss_block":2,"gobber2:gobber2_gooey_bread":4,"gobber2:gobber2_rod_nether":3,"minecraft:cooked_porkchop":23,"create:cogwheel":22,"alexsmobs:crocodile_egg":2,"minecraft:sand":37,"minecraft:ink_sac":3,"minecraft:dead_bush":1,"minecraft:mossy_cobblestone":7,"minecraft:bundle":1,"minecraft:polished_andesite":4,"minecraft:diamond":1,"iceandfire:dragonbone_sword_fire":2,"minecraft:lever":1,"minecraft:cracked_polished_blackstone_bricks":38,"minecraft:granite":67,"minecraft:emerald":2,"minecraft:bread":9,"ancient_elements:raw_jungle_steel":20,"minecraft:netherrack":380,"gobber2:gobber2_goo":8,"iceandfire:raw_silver":1,"minecraft:cocoa_beans":6,"minecraft:crafting_table":4,"minecraft:chicken":5,"minecraft:clay_ball":64,"iceandfire:fire_lily":2,"minecraft:stone_brick_wall":2,"minecraft:oak_trapdoor":64,"evilcraft:poison_sac":2,"create:scorchia":4,"minecraft:iron_shovel":3,"minecraft:blackstone":154,"dungeonnowloading:spawner_fragment":11,"graveyard:corruption":11,"minecraft:beef":4,"minecraft:iron_nugget":2,"minecraft:light_gray_wool":8,"minecraft:chest":2,"minecraft:egg":4,"minecraft:raw_iron":60,"ancient_elements:raw_steel":6,"minecraft:polished_deepslate_slab":1,"minecraft:oak_door":1,"minecraft:music_disc_mellohi":1,"farmersdelight:tomato_seeds":3,"ancient_elements:raw_tin":18,"create:copper_backtank":2,"create:hand_crank":1,"minecraft:carrot":5,"minecraft:redstone":3,"minecraft:tnt":3,"gobber2:gobber2_globette_nether":51,"minecraft:arrow":45,"minecraft:diamond_chestplate":1,"gobber2:gobber2_gooey_beef_nether":3,"minecraft:hay_block":23,"tombstone:essence_of_undeath":1,"sophisticatedbackpacks:copper_backpack":3,"paraglider:horned_statue":1,"minecraft:glow_berries":7,"minecraft:mutton":2,"minecraft:stripped_oak_log":2,"minecraft:glow_ink_sac":3,"minecraft:salmon":1,"minecraft:leather":10,"gobber2:gobber2_gooey_beefstew":3,"minecraft:filled_map":1,"minecraft:birch_planks":3,"minecraft:oak_log":32,"minecraft:gunpowder":30,"minecraft:cobblestone_wall":1,"minecraft:cobblestone_stairs":4,"tombstone:gift":1,"minecraft:cooked_mutton":7,"minecraft:kelp":42,"mowziesmobs:foliaath_seed":1,"ancient_elements:diamond_hammer":1,"minecraft:iron_ingot":64,"minecraft:cobweb":2,"tombstone:bag_of_seeds":1,"gobber2:gobber2_gooey_beefstew_nether":3,"minecraft:soul_sand":43,"artifacts:obsidian_skull":1,"minecraft:smooth_basalt":20,"minecraft:dandelion":11,"minecraft:gravel":15,"minecraft:blast_furnace":2,"minecraft:spider_eye":1,"minecraft:iron_helmet":2,"minecraft:gray_wool":1,"tombstone:magic_scroll":3,"minecraft:coal":25,"gobber2:gobber2_goo_nether":1,"minecraft:ender_pearl":2},"minecraft:dropped":{"iceandfire:raw_silver":1,"minecraft:diamond":2,"minecraft:crafting_table":1,"minecraft:leather":8,"ancient_elements:stone_hammer":3,"paraglider:spirit_orb":2,"minecraft:cobblestone_stairs":4,"minecraft:cracked_polished_blackstone_bricks":25,"minecraft:dirt":104,"ancient_elements:raw_jungle_steel":10,"create:scorchia":4,"minecraft:mutton":2,"minecraft:gold_nugget":2,"minecraft:sand":11,"minecraft:iron_pickaxe":1,"minecraft:bone":12,"minecraft:gravel":4,"minecraft:blackstone":154,"cubicracers:road_block":2,"minecraft:cobbled_deepslate":60,"minecraft:iron_nugget":2,"minecraft:rotten_flesh":3,"iceandfire:fire_lily":2,"ancient_elements:diamond_hammer":1,"minecraft:charcoal":1,"create:limestone":5,"minecraft:arrow":1,"minecraft:glass":1,"minecraft:netherrack":440,"iceandfire:manuscript":9,"minecraft:iron_ingot":49,"minecraft:enchanted_book":2,"minecraft:bread":9,"minecraft:wolf_spawn_egg":1,"minecraft:wheat_seeds":14,"minecraft:mossy_cobblestone":7,"evilcraft:condensed_blood":38,"minecraft:diamond_leggings":1,"minecraft:oak_fence":1,"minecraft:cobblestone":797,"minecraft:iron_helmet":1,"minecraft:granite":41,"cubicracers:mach_celere":1,"gobber2:gobber2_glass_nether":2,"minecraft:coal_block":2,"minecraft:stick":5,"minecraft:cobweb":2,"minecraft:gray_wool":1,"minecraft:diorite":133,"tombstone:grave_key":1,"minecraft:diamond_helmet":1,"minecraft:dead_bush":1,"tombstone:grave_dust":8,"minecraft:oak_stairs":3,"minecraft:iron_shovel":3,"minecraft:bucket":2,"minecraft:dandelion":11,"minecraft:redstone":1,"minecraft:kelp":2,"minecraft:oak_trapdoor":64,"create:shaft":26,"minecraft:smooth_stone_slab":1,"minecraft:polished_deepslate_slab":1,"minecraft:light_gray_wool":6,"iceandfire:dragonbone_sword_fire":1,"minecraft:iron_boots":2,"minecraft:stripped_oak_log":2,"alexsmobs:bear_fur":6,"minecraft:filled_map":1,"minecraft:andesite":11,"minecraft:spider_eye":1,"tombstone:essence_of_undeath":1,"minecraft:bamboo":9,"minecraft:diamond_boots":1,"sophisticatedbackpacks:copper_backpack":2,"minecraft:bow":4,"minecraft:calcite":1,"minecraft:magma_block":4},"minecraft:crafted":{"minecraft:black_dye":3,"minecraft:oak_planks":92,"create:vertical_gearbox":1,"minecraft:glass":3,"ancient_elements:diamond_hammer":1,"minecraft:iron_boots":1,"create:andesite_funnel":2,"minecraft:diamond_helmet":1,"minecraft:diamond_leggings":1,"sophisticatedbackpacks:copper_backpack":1,"create:mechanical_press":1,"minecraft:copper_block":1,"minecraft:chest":4,"create:cogwheel":21,"sophisticatedbackpacks:backpack":1,"gobber2:gobber2_glob_nether":5,"minecraft:crafting_table":4,"minecraft:wooden_pickaxe":1,"minecraft:iron_helmet":1,"minecraft:copper_ingot":104,"minecraft:birch_planks":52,"create:gearbox":1,"create:water_wheel":1,"minecraft:charcoal":4,"minecraft:stick":60,"minecraft:iron_ingot":60,"gobber2:gobber2_hammer_nether":1,"minecraft:iron_block":5,"minecraft:gold_ingot":21,"create:large_cogwheel":3,"ancient_elements:stone_hammer":3,"minecraft:iron_nugget":54,"minecraft:furnace":2,"minecraft:gray_dye":2,"create:copper_backtank":1,"minecraft:black_concrete_powder":8,"create:belt_connector":3,"sophisticatedbackpacks:iron_backpack":1,"minecraft:wheat":81,"cubicracers:zipper":1,"create:andesite_alloy":26,"minecraft:dried_kelp":40,"create:goggles":1,"create:large_water_wheel":1,"cubicracers:road_maker":1,"minecraft:air":0,"minecraft:bread":27,"minecraft:jungle_planks":4,"minecraft:white_dye":1,"minecraft:wooden_axe":2,"minecraft:iron_leggings":1,"ancient_elements:iron_hammer":1,"minecraft:anvil":1,"create:shaft":56,"create:copper_diving_helmet":1,"minecraft:torch":4,"cubicracers:road_block":4},"minecraft:mined":{"minecraft:cut_sandstone_slab":1,"create:andesite_casing":2,"minecraft:cave_vines_plant":3,"minecraft:potted_dead_bush":1,"minecraft:granite":12,"minecraft:grass_block":81,"minecraft:brown_wool":1,"minecraft:cracked_polished_blackstone_bricks":2,"gobber2:gobber2_lucky_block":4,"minecraft:jungle_log":3,"minecraft:soul_soil":4,"create:belt":2,"minecraft:spawner":2,"minecraft:gilded_blackstone":2,"minecraft:polished_blackstone_bricks":3,"minecraft:tall_seagrass":6,"minecraft:magma_block":20,"farmersdelight:wild_rice":11,"minecraft:iron_ore":28,"minecraft:sticky_piston":3,"minecraft:fire":1,"gobber2:gobber2_ore_nether":11,"ancient_elements:tin_ore":4,"minecraft:azure_bluet":1,"minecraft:pointed_dripstone":1,"minecraft:cave_vines":4,"minecraft:polished_deepslate_slab":2,"minecraft:iron_bars":6,"minecraft:oak_stairs":4,"create:limestone":5,"minecraft:tripwire":1,"minecraft:deepslate_redstone_ore":1,"create:cogwheel":22,"minecraft:blackstone":19,"minecraft:kelp_plant":1,"cubicracers:hollow_road_block":114,"minecraft:crimson_nylium":5,"minecraft:clay":23,"minecraft:torch":36,"minecraft:blast_furnace":2,"minecraft:poppy":1,"minecraft:melon":8,"minecraft:chest":2,"gobber2:gobber2_lucky_block_nether":5,"create:scoria":1,"iceandfire:fire_lily":2,"minecraft:nether_quartz_ore":3,"minecraft:cobblestone":12,"minecraft:oak_planks":4,"minecraft:iron_door":1,"minecraft:smooth_sandstone_slab":2,"minecraft:wall_torch":23,"minecraft:seagrass":7,"minecraft:fire_coral_fan":1,"minecraft:repeater":1,"minecraft:birch_log":13,"minecraft:wheat":1,"ancient_elements:nether_steel_ore":1,"minecraft:light_gray_wool":5,"minecraft:tnt":3,"graveyard:skull_pile":1,"minecraft:grass":187,"graveyard:creeper_skeleton":1,"minecraft:oak_log":32,"minecraft:dirt":42,"minecraft:sand":36,"minecraft:smooth_basalt":3,"minecraft:netherrack":338,"minecraft:oak_leaves":16,"minecraft:deepslate":59,"minecraft:nether_gold_ore":3,"create:copper_backtank":2,"minecraft:tuff":1,"iceandfire:silver_ore":1,"ancient_elements:lead_ore":4,"minecraft:mossy_cobblestone":2,"minecraft:lever":1,"create:large_cogwheel":1,"minecraft:crimson_roots":3,"minecraft:weeping_vines":1,"minecraft:redstone_wire":3,"minecraft:spruce_leaves":15,"minecraft:moss_block":2,"minecraft:horn_coral_wall_fan":1,"minecraft:large_fern":1,"minecraft:hay_block":23,"create:shaft":4,"minecraft:furnace":1,"minecraft:carrots":3,"minecraft:andesite":15,"create:scorchia":13,"evilcraft:dark_ore":2,"minecraft:vine":4,"minecraft:deepslate_iron_ore":13,"ancient_elements:palladium_ore":5,"minecraft:stripped_oak_log":2,"minecraft:bamboo":7,"minecraft:stone":337,"ancient_elements:deepslate_lead_ore":1,"minecraft:podzol":1,"minecraft:soul_sand":55,"minecraft:polished_granite":2,"minecraft:dandelion":1,"minecraft:oak_fence":1,"minecraft:crafting_table":3,"minecraft:copper_ore":11,"minecraft:tall_grass":47,"farmersdelight:wild_tomatoes":3,"minecraft:deepslate_gold_ore":12,"minecraft:lapis_ore":1,"minecraft:diorite":24,"minecraft:birch_planks":3,"graveyard:skull_with_rib_cage":2,"minecraft:cobblestone_wall":1,"minecraft:sea_pickle":1,"gobber2:gobber2_lucky_block_deepslate":2,"minecraft:coal_ore":4,"minecraft:cocoa":2,"minecraft:dripstone_block":2,"minecraft:gravel":19,"graveyard:leaning_skeleton":4,"minecraft:cobweb":9,"minecraft:polished_andesite":5,"minecraft:fern":6},"minecraft:used":{"gobber2:gobber2_goo":8,"minecraft:iron_shovel":196,"gobber2:gobber2_gooey_bread":6,"minecraft:chest":5,"minecraft:rotten_flesh":49,"gobber2:gobber2_goo_nether":1,"create:cogwheel":51,"minecraft:carrot":9,"alexscaves:acid_bucket":1,"minecraft:lava_bucket":18,"minecraft:iron_helmet":1,"create:andesite_funnel":2,"minecraft:bow":3,"simpleplanes:plane":1,"create:shaft":12,"minecraft:furnace":3,"cubicracers:road_maker":1461,"minecraft:diamond_boots":1,"minecraft:blackstone":1,"minecraft:wooden_pickaxe":69,"minecraft:golden_apple":7,"minecraft:glow_berries":16,"minecraft:blast_furnace":2,"minecraft:stone_brick_wall":2,"gobber2:gobber2_gooey_bread_nether":12,"minecraft:lever":1,"create:copper_backtank":2,"gobber2:gobber2_gooey_beefstew":6,"minecraft:bread":78,"minecraft:brown_wool":1,"minecraft:melon_slice":41,"cubicracers:zipper":12,"minecraft:oak_boat":1,"create:large_cogwheel":5,"minecraft:experience_bottle":1,"minecraft:oak_fence":1,"cubicracers:mach_celere":1,"create:limestone":1,"minecraft:redstone":2,"minecraft:netherrack":5,"minecraft:torch":65,"create:mechanical_pump":4,"minecraft:dirt":32,"minecraft:anvil":1,"minecraft:diamond_helmet":2,"minecraft:granite":3,"paraglider:horned_statue":1,"ancient_elements:stone_hammer":372,"minecraft:wooden_axe":117,"minecraft:oak_stairs":1,"create:hose_pulley":9,"minecraft:iron_boots":1,"create:creative_motor":2,"minecraft:smooth_basalt":20,"gobber2:gobber2_gooey_beef":7,"minecraft:light_gray_wool":2,"minecraft:diamond_chestplate":1,"minecraft:beef":3,"create:fluid_pipe":15,"tombstone:gift":6,"minecraft:cooked_beef":5,"minecraft:cobbled_deepslate":6,"minecraft:enchanted_golden_apple":10,"create:belt_connector":12,"minecraft:iron_leggings":1,"minecraft:cooked_mutton":7,"ancient_elements:diamond_hammer":441,"minecraft:water_bucket":3,"minecraft:birch_planks":5,"minecraft:polished_andesite":4,"gobber2:gobber2_hammer_nether":64,"ancient_elements:iron_hammer":164,"minecraft:salmon":1,"create:item_drain":6,"minecraft:crafting_table":7,"minecraft:tnt":3,"bosses_of_mass_destruction:soul_star":1,"minecraft:oak_log":9,"tombstone:bag_of_seeds":1,"minecraft:apple":2,"create:mechanical_press":1,"minecraft:chicken":5,"iceandfire:dragonbone_sword_fire":644,"minecraft:cracked_polished_blackstone_bricks":2,"minecraft:iron_pickaxe":171,"tombstone:magic_scroll":6,"create:large_water_wheel":1,"gobber2:gobber2_gooey_beefstew_nether":3,"minecraft:cobblestone":266,"minecraft:potion":1,"minecraft:porkchop":2,"minecraft:cooked_porkchop":21,"minecraft:bucket":22,"minecraft:sea_pickle":4,"alexsmobs:animal_dictionary":1,"create:hand_crank":1,"gobber2:gobber2_gooey_beef_nether":3},"minecraft:killed":{"alexsmobs:anaconda":1,"minecraft:spider":22,"minecraft:skeleton":38,"graveyard:acolyte":8,"minecraft:bee":2,"minecraft:chicken":3,"minecraft:silverfish":5,"alexsmobs:straddler":2,"alexsmobs:centipede_head":1,"minecraft:skeleton_horse":4,"minecraft:piglin":3,"minecraft:pig":2,"alexsmobs:grizzly_bear":1,"minecraft:zombie_villager":1,"minecraft:iron_golem":1,"alexsmobs:stradpole":2,"minecraft:strider":2,"minecraft:creeper":25,"alexsmobs:crimson_mosquito":10,"minecraft:sheep":3,"minecraft:trader_llama":1,"minecraft:pillager":1,"minecraft:zombie":78,"minecraft:glow_squid":1,"minecraft:cow":2,"alexsmobs:raccoon":1,"alexsmobs:rattlesnake":1,"minecraft:drowned":2,"alexsmobs:flying_fish":1,"graveyard:ghoul":1,"minecraft:wandering_trader":1,"minecraft:hoglin":5,"minecraft:squid":1,"alexsmobs:crocodile":1,"evilcraft:poisonous_libelle":2,"minecraft:wither_skeleton":5,"minecraft:enderman":1},"minecraft:custom":{"minecraft:interact_with_crafting_table":101,"minecraft:open_barrel":20,"minecraft:bell_ring":16,"minecraft:leave_game":7,"minecraft:time_since_death":125080,"minecraft:damage_resisted":676,"minecraft:sprint_one_cm":946528,"minecraft:drop":193,"minecraft:talked_to_villager":9,"minecraft:play_time":658825,"minecraft:deaths":4,"minecraft:jump":14027,"minecraft:walk_on_water_one_cm":114191,"minecraft:enchant_item":2,"tombstone:steal_effect":1,"minecraft:interact_with_furnace":43,"minecraft:interact_with_loom":16,"minecraft:sleep_in_bed":7,"minecraft:waystone_activated":1,"minecraft:damage_dealt":48498,"minecraft:crouch_one_cm":9228,"tombstone:undead_killed":129,"tombstone:villager_killed":1,"minecraft:inspect_dispenser":1,"minecraft:interact_with_smithing_table":3,"minecraft:interact_with_anvil":3,"minecraft:mob_kills":271,"minecraft:damage_dealt_resisted":99,"minecraft:climb_one_cm":9448,"minecraft:walk_one_cm":1113003,"minecraft:damage_dealt_absorbed":279,"minecraft:sneak_time":6031,"minecraft:walk_under_water_one_cm":61831,"minecraft:boat_one_cm":73768,"minecraft:interact_with_blast_furnace":30,"minecraft:total_world_time":658825,"tombstone:raider_killed":20,"minecraft:tune_noteblock":3,"minecraft:interact_with_grindstone":1,"minecraft:time_since_rest":104174,"minecraft:damage_taken":14224,"minecraft:damage_absorbed":1223,"minecraft:swim_one_cm":217489,"minecraft:fly_one_cm":3138251,"minecraft:open_chest":217,"minecraft:fall_one_cm":354474}},"DataVersion":3465}