{"stats":{"minecraft:killed":{"minecraft:cave_spider":3,"iceandfire:stymphalian_bird":1,"minecraft:skeleton":79,"graveyard:acolyte":10,"minecraft:chicken":3,"alexsmobs:laviathan":1,"alexsmobs:straddler":10,"alexsmobs:centipede_head":1,"minecraft:skeleton_horse":2,"minecraft:magma_cube":5,"minecraft:iron_golem":1,"minecraft:zombie":98,"minecraft:cow":4,"graveyard:nightmare":2,"alexsmobs:raccoon":1,"graveyard:ghoul":4,"ancient_elements:stone_golem":1,"alexsmobs:catfish":1,"evilcraft:poisonous_libelle":1,"iceandfire:ghost":1,"minecraft:enderman":35,"minecraft:witch":3,"graveyard:skeleton_creeper":2,"minecraft:spider":24,"minecraft:wither":6,"minecraft:silverfish":2,"minecraft:piglin_brute":5,"minecraft:piglin":9,"minecraft:pig":1,"alexsmobs:grizzly_bear":1,"alexsmobs:stradpole":3,"minecraft:creeper":36,"alexsmobs:crimson_mosquito":20,"mowziesmobs:lantern":2,"minecraft:sheep":15,"alexsmobs:terrapin":1,"minecraft:blaze":19,"minecraft:slime":319,"alexsmobs:rattlesnake":1,"minecraft:phantom":12,"iceandfire:fire_dragon":1,"alexsmobs:bison":1,"ancient_elements:aetherial_glaze":1,"iceandfire:troll":5,"minecraft:hoglin":14,"alexsmobs:gazelle":1,"minecraft:wither_skeleton":8,"minecraft:villager":1},"minecraft:used":{"minecraft:moss_block":1,"minecraft:chest":14,"gobber2:gobber2_goo_nether":20,"minecraft:soul_sand":34,"minecraft:stone_brick_stairs":1,"minecraft:bow":17,"minecraft:furnace":18,"minecraft:oak_sapling":1,"minecraft:egg":5,"gobber2:gobber2_pickaxe":502,"minecraft:diorite":1,"minecraft:leather_leggings":1,"minecraft:blackstone":103,"gobber2:gobber2_axe_nether":73,"minecraft:wooden_pickaxe":12,"tombstone:scroll_of_true_sight":1,"minecraft:golden_apple":23,"minecraft:glow_berries":36,"minecraft:blast_furnace":2,"gobber2:gobber2_gooey_beefstew":2,"cubicracers:mach_celere":4,"minecraft:oak_trapdoor":74,"minecraft:enchanting_table":1,"gobber2:gobber2_pickaxe_nether":2121,"gobber2:gobber2_leggings":1,"minecraft:netherrack":2243,"minecraft:torch":143,"minecraft:anvil":1,"ancient_elements:stone_hammer":37,"minecraft:light_weighted_pressure_plate":1,"minecraft:iron_axe":135,"tombstone:gift":3,"minecraft:cobbled_deepslate":294,"ancient_elements:diamond_hammer":585,"minecraft:water_bucket":14,"minecraft:birch_planks":46,"minecraft:bundle":1,"iceandfire:dragon_skull_lightning":2,"minecraft:tnt":1,"minecraft:oak_slab":5,"minecraft:crafting_table":10,"minecraft:white_bed":1,"iceandfire:dragonbone_sword_fire":3,"tombstone:magic_scroll":9,"minecraft:cobblestone":440,"minecraft:cooked_porkchop":2,"gobber2:gobber2_gooey_beef_nether":15,"gobber2:gobber2_goo":18,"gobber2:gobber2_gooey_bread":25,"minecraft:iron_sword":14,"gobber2:gobber2_sword_nether":963,"minecraft:mutton":2,"minecraft:milk_bucket":2,"minecraft:obsidian":11,"graveyard:gray_urn":1,"graveyard:small_red_urn":1,"minecraft:crimson_roots":1,"minecraft:red_carpet":3,"minecraft:hay_block":1,"minecraft:gold_block":1,"minecraft:wither_skeleton_skull":26,"minecraft:oak_planks":1,"minecraft:ender_pearl":1,"minecraft:sandstone":4,"graveyard:small_light_gray_urn":4,"graveyard:small_brown_urn":2,"gobber2:gobber2_gooey_bread_nether":10,"waystones:waystone":5,"sophisticatedbackpacks:backpack":3,"minecraft:melon_slice":7,"minecraft:bread":63,"minecraft:iron_door":2,"minecraft:gravel":2,"iceandfire:dragon_skull_fire":2,"minecraft:stripped_oak_wood":2,"minecraft:grindstone":1,"minecraft:andesite":2,"minecraft:experience_bottle":19,"minecraft:oak_fence":1,"minecraft:flint_and_steel":1,"minecraft:dirt":90,"minecraft:hopper":4,"minecraft:oak_wood":4,"minecraft:granite":2,"paraglider:horned_statue":1,"minecraft:bookshelf":16,"minecraft:light_gray_wool":1,"gobber2:gobber2_gooey_beef":7,"paraglider:rito_goddess_statue":4,"minecraft:golden_carrot":16,"gobber2:gobber2_sword":336,"minecraft:cooked_beef":1,"minecraft:cooked_mutton":5,"tombstone:scroll_of_mercy":5,"iceandfire:fire_dragon_flesh":1,"gobber2:gobber2_hammer_nether":1089,"ancient_elements:iron_hammer":421,"minecraft:apple":2,"iceandfire:dragonbone_bow":152,"minecraft:bucket":16,"alexsmobs:animal_dictionary":1,"minecraft:splash_potion":2,"minecraft:birch_stairs":1},"minecraft:broken":{"minecraft:iron_boots":1,"gobber2:gobber2_helmet":1,"ancient_elements:iron_hammer":1},"minecraft:picked_up":{"minecraft:anvil":2,"minecraft:enchanted_book":2,"minecraft:string":36,"minecraft:soul_soil":5,"cubicracers:mach_celere":3,"gobber2:gobber2_glass_nether":13,"minecraft:beetroot":2,"minecraft:diamond_leggings":1,"minecraft:gold_nugget":702,"minecraft:cobbled_deepslate":2327,"bosses_of_mass_destruction:soul_star":3,"minecraft:melon_slice":100,"minecraft:coal_block":11,"alexsmobs:centipede_leg":2,"minecraft:rabbit_foot":4,"minecraft:honey_bottle":2,"farmersdelight:onion":1,"graveyard:small_brown_urn":2,"iceandfire:fire_dragon_heart":1,"minecraft:wolf_spawn_egg":1,"minecraft:blaze_rod":8,"minecraft:iron_bars":11,"minecraft:birch_log":45,"minecraft:magma_block":5,"minecraft:feather":3,"minecraft:cooked_beef":1,"minecraft:iron_door":2,"ancient_elements:raw_lead":5,"minecraft:flint":7,"gobber2:gobber2_gooey_bread_nether":18,"tombstone:familiar_receptacle":1,"minecraft:lantern":1,"gobber2:gobber2_globette":341,"minecraft:moss_block":8,"minecraft:warped_wart_block":7,"minecraft:stripped_acacia_wood":5,"iceandfire:dragon_skull_fire":2,"iceandfire:stymphalian_bird_feather":2,"minecraft:fermented_spider_eye":10,"minecraft:bundle":3,"minecraft:white_candle":3,"minecraft:granite":19,"minecraft:bread":13,"iceandfire:troll_leather_forest":8,"minecraft:crimson_roots":4,"iceandfire:raw_silver":1,"iceandfire:dragon_skull_lightning":2,"minecraft:crafting_table":8,"minecraft:sandstone_slab":2,"dungeonnowloading:wooden_wall_platform":1,"iceandfire:witherbone":7,"minecraft:nether_wart":12,"minecraft:clay_ball":52,"minecraft:leather_leggings":2,"paraglider:heart_container":18,"evilcraft:poison_sac":1,"create:scorchia":29,"minecraft:iron_shovel":1,"dungeonnowloading:spawner_fragment":139,"minecraft:beef":3,"minecraft:spruce_slab":2,"minecraft:chest":6,"minecraft:birch_sapling":2,"minecraft:egg":5,"minecraft:sandstone":4,"ancient_elements:raw_steel":3,"minecraft:polished_deepslate_slab":3,"minecraft:stone":4,"alexsmobs:straddlite":3,"sophisticatedbackpacks:backpack":5,"farmersdelight:tomato_seeds":2,"minecraft:carrot":17,"minecraft:redstone":6,"minecraft:diamond_chestplate":1,"gobber2:gobber2_gooey_beef_nether":16,"minecraft:diamond_boots":1,"minecraft:hay_block":11,"tombstone:essence_of_undeath":1,"minecraft:gold_ingot":18,"minecraft:glow_berries":30,"minecraft:mutton":11,"minecraft:white_wool":10,"minecraft:oxeye_daisy":1,"minecraft:acacia_wood":2,"minecraft:filled_map":1,"graveyard:small_light_gray_urn":4,"minecraft:oak_log":69,"alexsmobs:mosquito_proboscis":3,"minecraft:apple":1,"minecraft:stone_bricks":4,"minecraft:wild_armor_trim_smithing_template":4,"minecraft:iron_ore":1,"minecraft:cobweb":29,"ancient_elements:raw_nether_steel":10,"gobber2:gobber2_gooey_beefstew_nether":7,"ancient_elements:nether_steel_ore":1,"iceandfire:copper_nugget":5,"minecraft:smooth_basalt":44,"minecraft:gravel":24,"minecraft:birch_stairs":1,"minecraft:crying_obsidian":33,"minecraft:leather_helmet":1,"tombstone:scroll_of_true_sight":1,"minecraft:oak_wood":4,"minecraft:slime_ball":100,"minecraft:birch_sign":1,"minecraft:warped_roots":9,"minecraft:melon_seeds":1,"minecraft:warped_nylium":17,"gobber2:gobber2_goo_nether":22,"minecraft:ender_pearl":18,"alexscaves:cave_tablet":2,"minecraft:gilded_blackstone":19,"minecraft:stone_brick_stairs":1,"tombstone:grave_key":1,"ancient_elements:raw_palladium":18,"alexsmobs:gazelle_horn":1,"evilcraft:ender_tear":3,"minecraft:raw_copper":8,"minecraft:smooth_stone_slab":1,"alexsmobs:blood_sac":16,"minecraft:smooth_stone":1,"minecraft:rose_bush":2,"dungeonnowloading:mossy_cobblestone_pebble":5,"minecraft:iron_boots":1,"minecraft:furnace":10,"minecraft:stick":4,"minecraft:oak_fence":1,"minecraft:torch":134,"minecraft:porkchop":18,"tombstone:grave_dust":16,"minecraft:diorite":19,"gobber2:gobber2_foo":4,"minecraft:rotten_flesh":44,"graveyard:gray_urn":1,"minecraft:obsidian":49,"minecraft:blaze_powder":3,"minecraft:cobblestone":690,"tombstone:soul_receptacle":3,"minecraft:leather_chestplate":1,"minecraft:magma_cream":10,"minecraft:andesite":25,"minecraft:potato":9,"alexsmobs:bear_fur":1,"paraglider:spirit_orb":52,"create:raw_zinc":2,"minecraft:tuff":262,"minecraft:wither_skeleton_skull":54,"minecraft:lapis_lazuli":400,"minecraft:dirt":274,"gobber2:gobber2_ore_nether":32,"minecraft:leather_boots":1,"minecraft:bone":69,"minecraft:wheat_seeds":25,"gobber2:gobber2_gooey_beef":21,"minecraft:raw_gold":267,"minecraft:cobbled_deepslate_slab":1,"minecraft:mossy_stone_bricks":2,"minecraft:bamboo":164,"minecraft:oak_planks":39,"gobber2:gobber2_gooey_bread":33,"minecraft:ghast_tear":5,"gobber2:gobber2_rod_nether":14,"minecraft:cooked_porkchop":2,"minecraft:sand":11,"minecraft:nether_brick_stairs":1,"minecraft:grass_block":1,"dungeonnowloading:wooden_wall_rack":5,"minecraft:mossy_cobblestone":19,"minecraft:dark_prismarine":2,"minecraft:diamond":523,"waystones:waystone":5,"graveyard:small_red_urn":1,"minecraft:emerald":13,"minecraft:oak_sapling":5,"minecraft:netherrack":3240,"gobber2:gobber2_goo":21,"minecraft:nether_star":6,"minecraft:cocoa_beans":5,"minecraft:chicken":2,"dungeonnowloading:cobblestone_pebble":6,"minecraft:gold_block":18,"minecraft:chain":2,"minecraft:oak_trapdoor":73,"minecraft:blackstone":103,"graveyard:corruption":15,"paraglider:rito_goddess_statue":7,"ancient_elements:raw_infernal_ore":10,"minecraft:light_gray_wool":1,"minecraft:sugar_cane":13,"minecraft:phantom_membrane":4,"minecraft:raw_iron":811,"iceandfire:dragonbone":109,"minecraft:polished_blackstone_bricks":9,"ancient_elements:raw_tin":5,"minecraft:dark_oak_planks":6,"minecraft:smooth_sandstone_slab":2,"gobber2:gobber2_globette_nether":155,"minecraft:arrow":58,"minecraft:saddle":1,"paraglider:horned_statue":2,"minecraft:basalt":42,"gobber2:gobber2_gooey_beefstew":8,"minecraft:leather":4,"minecraft:birch_planks":2,"minecraft:gunpowder":30,"tombstone:voodoo_poppet":4,"minecraft:cooked_mutton":5,"minecraft:coast_armor_trim_smithing_template":2,"minecraft:red_carpet":3,"minecraft:spruce_wood":4,"minecraft:iron_ingot":41,"minecraft:stripped_oak_wood":17,"minecraft:soul_sand":47,"iceandfire:fire_dragon_flesh":1,"minecraft:book":132,"minecraft:oak_slab":2,"minecraft:nether_quartz_ore":3,"minecraft:quartz":39,"minecraft:raw_iron_block":2,"minecraft:amethyst_shard":2,"minecraft:blast_furnace":2,"minecraft:white_bed":1,"minecraft:spider_eye":4,"minecraft:pumpkin_seeds":3,"evilcraft:dark_gem":18,"tombstone:magic_scroll":10,"minecraft:coal":197},"minecraft:mined":{"dungeonnowloading:iron_ingot_pile":6,"dungeonnowloading:spikes":17,"minecraft:white_bed":1,"graveyard:gray_urn":1,"minecraft:jungle_leaves":1,"minecraft:granite":16,"minecraft:coal_block":11,"minecraft:oxeye_daisy":1,"minecraft:spawner":25,"minecraft:polished_blackstone_bricks":2,"minecraft:tall_seagrass":2,"gobber2:gobber2_ore":1,"minecraft:fire":14,"minecraft:cobbled_deepslate":5,"gobber2:gobber2_ore_nether":72,"minecraft:deepslate_lapis_ore":21,"minecraft:nether_brick_stairs":1,"dungeonnowloading:wooden_wall_rack":8,"minecraft:cave_vines":15,"iceandfire:gold_pile":62,"minecraft:polished_deepslate_slab":6,"minecraft:dirt_path":1,"minecraft:tripwire":6,"minecraft:sandstone_slab":1,"minecraft:crimson_nylium":22,"minecraft:soul_fire":2,"minecraft:torch":46,"minecraft:note_block":1,"minecraft:blast_furnace":2,"minecraft:melon":6,"gobber2:gobber2_lucky_block_nether":32,"create:scoria":1,"minecraft:sugar_cane":9,"minecraft:smooth_sandstone_slab":2,"minecraft:amethyst_block":2,"ancient_elements:infernal_ore":2,"paraglider:horned_statue":1,"minecraft:wheat":1,"minecraft:stone_brick_stairs":1,"minecraft:grass":106,"dungeonnowloading:explosive_barrel":2,"minecraft:smooth_basalt":8,"minecraft:deepslate":1685,"minecraft:infested_deepslate":1,"minecraft:dark_prismarine":2,"minecraft:mossy_cobblestone":7,"farmersdelight:wild_carrots":10,"minecraft:cobbled_deepslate_slab":3,"minecraft:crimson_roots":4,"graveyard:tg_deepslate":8,"minecraft:redstone_wire":1,"minecraft:moss_block":8,"minecraft:acacia_wood":2,"minecraft:andesite":23,"minecraft:vine":4,"minecraft:bamboo":15,"minecraft:bone_block":1,"minecraft:oak_slab":1,"minecraft:glass_pane":3,"minecraft:soul_sand":47,"minecraft:emerald_ore":1,"minecraft:tall_grass":24,"minecraft:copper_ore":3,"minecraft:deepslate_gold_ore":66,"minecraft:diorite":20,"minecraft:warped_wart_block":9,"graveyard:small_red_urn":1,"graveyard:vase_block":3,"minecraft:birch_leaves":7,"minecraft:gravel":36,"minecraft:cobweb":23,"minecraft:stone_bricks":1,"minecraft:gold_ore":28,"minecraft:fern":4,"create:deepslate_zinc_ore":2,"minecraft:spruce_planks":1,"minecraft:oak_sapling":1,"paraglider:rito_goddess_statue":4,"minecraft:cave_vines_plant":16,"minecraft:grass_block":15,"gobber2:gobber2_ore_deepslate":152,"gobber2:gobber2_lucky_block":17,"minecraft:cracked_polished_blackstone_bricks":4,"minecraft:soul_soil":5,"minecraft:gilded_blackstone":26,"minecraft:smooth_stone":1,"minecraft:raw_iron_block":2,"farmersdelight:wild_rice":1,"minecraft:iron_ore":93,"minecraft:anvil":2,"minecraft:iron_bars":12,"graveyard:small_brown_urn":3,"graveyard:wither_skull_pile":1,"minecraft:spruce_slab":7,"minecraft:deepslate_redstone_ore":3,"minecraft:blackstone":24,"minecraft:clay":5,"minecraft:calcite":2,"iceandfire:ghost_chest":1,"minecraft:chest":6,"minecraft:mushroom_stem":1,"ancient_elements:deepslate_tin_ore":1,"minecraft:nether_quartz_ore":14,"minecraft:wither_skeleton_wall_skull":2,"minecraft:cobblestone":24,"minecraft:birch_wood":4,"minecraft:oak_planks":4,"minecraft:wall_torch":44,"minecraft:iron_door":2,"dungeonnowloading:gold_ingot_pile":4,"minecraft:warped_nylium":3,"minecraft:nether_wart_block":3,"minecraft:birch_log":6,"evilcraft:dark_ore_deepslate":5,"ancient_elements:nether_steel_ore":3,"minecraft:stripped_oak_wood":17,"minecraft:smooth_stone_slab":2,"minecraft:oak_log":60,"minecraft:beetroots":1,"dungeonnowloading:wooden_wall_platform":4,"minecraft:sand":11,"minecraft:dirt":30,"minecraft:wither_skeleton_skull":4,"minecraft:netherrack":816,"minecraft:oak_leaves":12,"minecraft:nether_gold_ore":12,"minecraft:diamond_ore":3,"minecraft:red_carpet":3,"minecraft:tuff":313,"minecraft:deepslate_diamond_ore":213,"minecraft:weeping_vines":1,"dungeonnowloading:book_pile":2,"minecraft:sandstone":4,"minecraft:large_fern":1,"minecraft:hay_block":11,"minecraft:oak_trapdoor":8,"minecraft:furnace":10,"minecraft:polished_basalt":1,"minecraft:orange_stained_glass_pane":4,"create:scorchia":4,"minecraft:gold_block":19,"minecraft:bookshelf":26,"minecraft:deepslate_iron_ore":279,"ancient_elements:palladium_ore":9,"minecraft:stone":280,"sophisticatedbackpacks:backpack":3,"minecraft:stripped_dark_oak_log":3,"minecraft:basalt":4,"minecraft:polished_granite":2,"graveyard:small_light_gray_urn":4,"minecraft:oak_fence":2,"minecraft:crafting_table":8,"minecraft:oak_wood":4,"minecraft:rose_bush":3,"minecraft:stone_slab":1,"minecraft:lapis_ore":16,"minecraft:birch_planks":2,"gobber2:gobber2_lucky_block_deepslate":34,"minecraft:coal_ore":41,"graveyard:leaning_skeleton":1,"minecraft:stripped_acacia_wood":5,"minecraft:small_dripleaf":2,"minecraft:mossy_stone_bricks":3,"minecraft:dark_oak_planks":1},"minecraft:crafted":{"minecraft:blaze_powder":16,"gobber2:gobber2_chestplate_nether":1,"minecraft:bookshelf":16,"minecraft:glass":3,"minecraft:diamond_helmet":1,"minecraft:diamond_leggings":1,"iceandfire:dragonbone_arrow":15,"minecraft:glass_bottle":3,"gobber2:gobber2_ingot":102,"gobber2:gobber2_glob_nether":16,"gobber2:gobber2_rod":4,"iceandfire:wither_shard":3,"gobber2:gobber2_helmet_nether":1,"gobber2:gobber2_leggings_nether":1,"minecraft:stone_slab":6,"gobber2:gobber2_hammer_nether":1,"minecraft:iron_block":4,"minecraft:gold_ingot":96,"minecraft:light_gray_dye":1,"iceandfire:dragonbone_sword_fire":2,"gobber2:gobber2_helmet":2,"gobber2:gobber2_glob":34,"gobber2:gobber2_boots":2,"ancient_elements:molten_nether_steel_clump":6,"minecraft:wheat":90,"iceandfire:dragonbone_sword":2,"minecraft:enchanting_table":1,"sophisticatedbackpacks:gold_backpack":2,"ancient_elements:iron_hammer":2,"minecraft:grindstone":1,"minecraft:oak_planks":300,"gobber2:gobber2_leggings":2,"gobber2:gobber2_pickaxe_nether":1,"minecraft:stone":7,"gobber2:gobber2_chestplate":2,"minecraft:hopper":4,"ancient_elements:diamond_hammer":1,"minecraft:bow":1,"gobber2:gobber2_boots_nether":1,"minecraft:chest":14,"gobber2:gobber2_pickaxe":1,"minecraft:ender_eye":16,"minecraft:oak_slab":6,"gobber2:gobber2_sword_nether":1,"sophisticatedbackpacks:backpack":5,"gobber2:gobber2_ingot_nether":39,"minecraft:crafting_table":2,"minecraft:wooden_pickaxe":1,"minecraft:birch_planks":44,"iceandfire:dragonbone_bow":1,"minecraft:stick":24,"minecraft:light_weighted_pressure_plate":1,"sophisticatedbackpacks:diamond_backpack":2,"minecraft:iron_ingot":577,"ancient_elements:stone_hammer":1,"gobber2:gobber2_axe_nether":1,"minecraft:oak_door":3,"minecraft:raw_iron":18,"minecraft:coal":81,"minecraft:furnace":9,"minecraft:oak_trapdoor":26,"minecraft:flint_and_steel":1,"minecraft:iron_axe":1,"sophisticatedbackpacks:iron_backpack":2,"gobber2:gobber2_sword":1,"minecraft:iron_sword":1,"minecraft:bucket":2,"minecraft:bread":30,"minecraft:air":0,"cubicracers:mach_celere":1,"minecraft:blue_dye":3,"minecraft:anvil":1,"minecraft:torch":28,"minecraft:diamond_chestplate":1},"minecraft:dropped":{"iceandfire:raw_silver":1,"minecraft:porkchop":2,"minecraft:diamond":25,"minecraft:glow_berries":1,"minecraft:warped_roots":8,"graveyard:corruption":12,"minecraft:emerald":6,"minecraft:dirt":13,"create:scorchia":29,"paraglider:heart_container":6,"minecraft:gold_nugget":101,"minecraft:phantom_membrane":3,"minecraft:fermented_spider_eye":10,"minecraft:bone":33,"alexsmobs:centipede_leg":2,"minecraft:cobbled_deepslate":1186,"minecraft:obsidian":24,"minecraft:rotten_flesh":20,"minecraft:blaze_powder":3,"gobber2:gobber2_gooey_beefstew":2,"minecraft:rabbit_foot":4,"alexsmobs:blood_sac":7,"gobber2:gobber2_chestplate":1,"minecraft:leather_boots":1,"ancient_elements:molten_nether_steel_clump":6,"minecraft:leather_leggings":3,"minecraft:warped_wart_block":7,"minecraft:crying_obsidian":33,"minecraft:ghast_tear":5,"minecraft:enchanted_book":2,"minecraft:iron_ingot":7,"minecraft:wolf_spawn_egg":1,"minecraft:wheat_seeds":16,"gobber2:gobber2_globette_nether":15,"minecraft:feather":1,"minecraft:cobblestone":110,"minecraft:book":4,"minecraft:granite":4,"minecraft:cobweb":16,"minecraft:rose_bush":2,"minecraft:string":4,"create:raw_zinc":2,"minecraft:soul_soil":5,"minecraft:cocoa_beans":5,"minecraft:smooth_stone_slab":1,"gobber2:gobber2_boots":1,"gobber2:gobber2_gooey_beef":5,"minecraft:clay_ball":4,"minecraft:stone_slab":5,"minecraft:pumpkin_seeds":3,"minecraft:potato":3,"minecraft:stone":7,"minecraft:spider_eye":3,"minecraft:magma_block":5,"alexsmobs:straddlite":2,"minecraft:moss_block":1,"minecraft:sandstone_slab":1,"dungeonnowloading:cobblestone_pebble":2,"ancient_elements:raw_steel":3,"minecraft:lantern":1,"paraglider:spirit_orb":1,"minecraft:amethyst_shard":2,"minecraft:polished_blackstone_bricks":8,"minecraft:gold_ingot":8,"minecraft:gravel":10,"iceandfire:stymphalian_bird_feather":2,"simplyswords:iron_twinblade":1,"minecraft:white_candle":3,"ancient_elements:diamond_hammer":1,"minecraft:honey_bottle":2,"evilcraft:poison_sac":1,"ancient_elements:raw_tin":5,"minecraft:leather_chestplate":1,"minecraft:gunpowder":8,"minecraft:melon_seeds":1,"minecraft:arrow":19,"minecraft:iron_ore":1,"minecraft:basalt":41,"gobber2:gobber2_helmet":1,"minecraft:quartz":4,"minecraft:netherrack":71,"minecraft:bread":9,"minecraft:oak_slab":3,"gobber2:gobber2_foo":3,"minecraft:stick":4,"minecraft:diorite":2,"tombstone:magic_scroll":1,"minecraft:torch":2,"tombstone:grave_dust":11,"minecraft:smooth_basalt":44,"minecraft:redstone":2,"minecraft:warped_nylium":16,"minecraft:oak_trapdoor":1,"gobber2:gobber2_leggings":1,"minecraft:raw_copper":3,"minecraft:tuff":140,"minecraft:raw_iron":3,"iceandfire:dragonbone_sword_fire":1,"minecraft:stripped_acacia_wood":5,"dungeonnowloading:spawner_fragment":4,"alexsmobs:bear_fur":1,"minecraft:diamond_chestplate":2,"evilcraft:ender_tear":1,"minecraft:andesite":23,"minecraft:oak_sapling":3,"iceandfire:fire_dragon_heart":1,"minecraft:raw_gold":22,"minecraft:magma_cream":10},"minecraft:custom":{"minecraft:interact_with_crafting_table":80,"minecraft:open_barrel":61,"minecraft:bell_ring":1,"minecraft:leave_game":9,"minecraft:time_since_death":219066,"minecraft:play_time":662713,"minecraft:deaths":3,"minecraft:jump":19112,"tombstone:kill_undead_boss":6,"minecraft:enchant_item":11,"minecraft:interact_with_furnace":92,"minecraft:sleep_in_bed":5,"minecraft:waystone_activated":6,"minecraft:damage_dealt":112481,"tombstone:undead_killed":212,"minecraft:horse_one_cm":425,"minecraft:interact_with_anvil":2,"minecraft:inspect_hopper":1,"minecraft:damage_dealt_absorbed":276,"minecraft:sneak_time":24104,"minecraft:interact_with_blast_furnace":9,"minecraft:total_world_time":662713,"tombstone:raider_killed":20,"minecraft:time_since_rest":2541,"tombstone:cast_on_ally":0,"minecraft:swim_one_cm":138904,"minecraft:fly_one_cm":2848463,"minecraft:open_chest":363,"minecraft:fall_one_cm":800613,"minecraft:sprint_one_cm":1132357,"minecraft:drop":394,"minecraft:play_noteblock":4,"minecraft:talked_to_villager":1,"minecraft:interact_with_brewingstand":3,"minecraft:walk_on_water_one_cm":55875,"minecraft:crouch_one_cm":97578,"tombstone:villager_killed":1,"minecraft:mob_kills":810,"minecraft:damage_dealt_resisted":353,"minecraft:climb_one_cm":18734,"minecraft:walk_one_cm":1528492,"minecraft:walk_under_water_one_cm":64625,"minecraft:boat_one_cm":60,"minecraft:interact_with_grindstone":2,"minecraft:damage_taken":17570,"minecraft:damage_absorbed":759}},"DataVersion":3465}