{"stats":{"minecraft:picked_up":{"alexscaves:cave_tablet":2,"minecraft:enchanted_book":1,"minecraft:gilded_blackstone":19,"minecraft:stone_brick_stairs":1,"tombstone:grave_key":1,"alexsmobs:gazelle_horn":1,"minecraft:string":29,"minecraft:soul_soil":5,"minecraft:raw_copper":8,"cubicracers:mach_celere":3,"gobber2:gobber2_glass_nether":10,"minecraft:diamond_leggings":1,"alexsmobs:blood_sac":10,"minecraft:gold_nugget":48,"minecraft:cobbled_deepslate":2027,"bosses_of_mass_destruction:soul_star":1,"minecraft:melon_slice":100,"minecraft:coal_block":11,"minecraft:iron_boots":1,"minecraft:furnace":10,"minecraft:stick":1,"minecraft:oak_fence":1,"minecraft:torch":83,"minecraft:porkchop":3,"tombstone:grave_dust":1,"minecraft:diorite":10,"gobber2:gobber2_foo":1,"minecraft:rotten_flesh":13,"farmersdelight:onion":1,"iceandfire:fire_dragon_heart":1,"minecraft:obsidian":49,"minecraft:cobblestone":529,"minecraft:birch_log":11,"minecraft:feather":2,"minecraft:andesite":22,"minecraft:potato":5,"alexsmobs:bear_fur":1,"paraglider:spirit_orb":12,"ancient_elements:raw_lead":5,"minecraft:flint":2,"minecraft:tuff":256,"create:raw_zinc":2,"gobber2:gobber2_gooey_bread_nether":14,"minecraft:wither_skeleton_skull":23,"minecraft:lapis_lazuli":213,"minecraft:dirt":136,"gobber2:gobber2_ore_nether":32,"minecraft:bone":21,"gobber2:gobber2_gooey_beef":18,"minecraft:wheat_seeds":14,"minecraft:raw_gold":102,"gobber2:gobber2_globette":136,"minecraft:bamboo":164,"minecraft:moss_block":4,"minecraft:oak_planks":39,"gobber2:gobber2_gooey_bread":29,"gobber2:gobber2_rod_nether":11,"minecraft:stripped_acacia_wood":5,"iceandfire:dragon_skull_fire":2,"minecraft:sand":11,"minecraft:nether_brick_stairs":1,"minecraft:mossy_cobblestone":15,"minecraft:bundle":1,"minecraft:diamond":167,"minecraft:granite":18,"minecraft:bread":13,"minecraft:oak_sapling":5,"minecraft:netherrack":439,"minecraft:crimson_roots":3,"gobber2:gobber2_goo":18,"iceandfire:raw_silver":1,"iceandfire:dragon_skull_lightning":2,"minecraft:crafting_table":8,"minecraft:sandstone_slab":2,"iceandfire:witherbone":6,"minecraft:chicken":2,"minecraft:clay_ball":52,"minecraft:oak_trapdoor":6,"minecraft:iron_shovel":1,"dungeonnowloading:spawner_fragment":16,"paraglider:rito_goddess_statue":7,"ancient_elements:raw_infernal_ore":4,"minecraft:spruce_slab":2,"minecraft:light_gray_wool":1,"minecraft:sugar_cane":3,"minecraft:chest":3,"minecraft:phantom_membrane":2,"minecraft:egg":2,"minecraft:sandstone":4,"minecraft:raw_iron":110,"ancient_elements:raw_steel":3,"iceandfire:dragonbone":109,"ancient_elements:raw_tin":5,"minecraft:carrot":16,"minecraft:redstone":4,"minecraft:dark_oak_planks":6,"minecraft:smooth_sandstone_slab":2,"gobber2:gobber2_globette_nether":94,"minecraft:arrow":26,"gobber2:gobber2_gooey_beef_nether":10,"minecraft:diamond_boots":1,"minecraft:gold_ingot":8,"paraglider:horned_statue":2,"minecraft:glow_berries":29,"minecraft:mutton":11,"minecraft:white_wool":6,"minecraft:basalt":1,"gobber2:gobber2_gooey_beefstew":6,"minecraft:filled_map":1,"minecraft:birch_planks":2,"minecraft:oak_log":44,"minecraft:gunpowder":7,"alexsmobs:mosquito_proboscis":3,"minecraft:red_carpet":3,"minecraft:coast_armor_trim_smithing_template":2,"minecraft:wild_armor_trim_smithing_template":4,"minecraft:spruce_wood":4,"minecraft:iron_ingot":20,"ancient_elements:raw_nether_steel":6,"minecraft:stripped_oak_wood":15,"gobber2:gobber2_gooey_beefstew_nether":4,"ancient_elements:nether_steel_ore":1,"iceandfire:fire_dragon_flesh":1,"minecraft:soul_sand":32,"minecraft:book":127,"minecraft:nether_quartz_ore":3,"minecraft:quartz":22,"minecraft:gravel":16,"minecraft:birch_stairs":1,"minecraft:white_bed":1,"minecraft:crying_obsidian":33,"minecraft:spider_eye":3,"minecraft:leather_helmet":1,"minecraft:oak_wood":4,"minecraft:slime_ball":61,"evilcraft:dark_gem":18,"minecraft:birch_sign":1,"tombstone:magic_scroll":1,"minecraft:coal":133,"gobber2:gobber2_goo_nether":19},"minecraft:used":{"minecraft:moss_block":1,"gobber2:gobber2_goo":18,"gobber2:gobber2_gooey_bread":23,"minecraft:chest":10,"minecraft:iron_sword":14,"gobber2:gobber2_sword_nether":140,"minecraft:soul_sand":6,"minecraft:mutton":2,"minecraft:obsidian":11,"minecraft:crimson_roots":1,"minecraft:stone_brick_stairs":1,"minecraft:red_carpet":3,"minecraft:bow":17,"minecraft:furnace":15,"minecraft:oak_sapling":1,"minecraft:egg":2,"gobber2:gobber2_pickaxe":502,"minecraft:diorite":1,"minecraft:wither_skeleton_skull":3,"minecraft:oak_planks":1,"gobber2:gobber2_axe_nether":2,"minecraft:wooden_pickaxe":12,"minecraft:sandstone":4,"minecraft:golden_apple":7,"minecraft:glow_berries":36,"gobber2:gobber2_gooey_beefstew":2,"minecraft:bread":18,"minecraft:melon_slice":7,"minecraft:gravel":2,"iceandfire:dragon_skull_fire":2,"minecraft:stripped_oak_wood":2,"minecraft:andesite":2,"cubicracers:mach_celere":4,"minecraft:oak_fence":1,"minecraft:oak_trapdoor":7,"minecraft:enchanting_table":1,"minecraft:flint_and_steel":1,"gobber2:gobber2_pickaxe_nether":52,"minecraft:netherrack":165,"minecraft:torch":61,"minecraft:dirt":15,"minecraft:oak_wood":4,"minecraft:granite":2,"ancient_elements:stone_hammer":37,"minecraft:bookshelf":16,"minecraft:light_weighted_pressure_plate":1,"minecraft:iron_axe":135,"gobber2:gobber2_gooey_beef":7,"minecraft:light_gray_wool":1,"paraglider:rito_goddess_statue":1,"minecraft:golden_carrot":7,"gobber2:gobber2_sword":336,"tombstone:gift":1,"minecraft:cobbled_deepslate":280,"tombstone:scroll_of_mercy":5,"ancient_elements:diamond_hammer":585,"iceandfire:fire_dragon_flesh":1,"minecraft:birch_planks":46,"minecraft:bundle":1,"ancient_elements:iron_hammer":421,"iceandfire:dragon_skull_lightning":2,"minecraft:tnt":1,"minecraft:crafting_table":9,"minecraft:white_bed":1,"minecraft:apple":2,"iceandfire:dragonbone_sword_fire":3,"tombstone:magic_scroll":4,"minecraft:cobblestone":419,"alexsmobs:animal_dictionary":1,"minecraft:splash_potion":2,"minecraft:birch_stairs":1,"gobber2:gobber2_gooey_beef_nether":10},"minecraft:dropped":{"iceandfire:raw_silver":1,"minecraft:sandstone_slab":1,"ancient_elements:raw_steel":3,"paraglider:spirit_orb":1,"minecraft:dirt":1,"minecraft:gold_nugget":37,"minecraft:phantom_membrane":1,"minecraft:gold_ingot":8,"minecraft:bone":4,"minecraft:gravel":10,"minecraft:cobbled_deepslate":957,"simplyswords:iron_twinblade":1,"minecraft:obsidian":24,"minecraft:rotten_flesh":2,"ancient_elements:diamond_hammer":1,"gobber2:gobber2_gooey_beefstew":1,"ancient_elements:raw_tin":5,"alexsmobs:blood_sac":1,"minecraft:gunpowder":3,"minecraft:leather_leggings":1,"minecraft:arrow":1,"minecraft:crying_obsidian":33,"minecraft:enchanted_book":1,"minecraft:iron_ingot":7,"minecraft:bread":9,"minecraft:wheat_seeds":7,"minecraft:cobblestone":110,"minecraft:book":4,"minecraft:granite":4,"minecraft:diorite":2,"minecraft:torch":2,"create:raw_zinc":2,"minecraft:soul_soil":5,"minecraft:oak_trapdoor":1,"minecraft:raw_copper":3,"minecraft:tuff":134,"minecraft:raw_iron":3,"gobber2:gobber2_gooey_beef":4,"minecraft:clay_ball":4,"iceandfire:dragonbone_sword_fire":1,"minecraft:stripped_acacia_wood":5,"alexsmobs:bear_fur":1,"minecraft:diamond_chestplate":1,"minecraft:andesite":20,"minecraft:oak_sapling":3,"minecraft:spider_eye":2,"iceandfire:fire_dragon_heart":1,"minecraft:raw_gold":22},"minecraft:mined":{"minecraft:oak_sapling":1,"minecraft:white_bed":1,"minecraft:jungle_leaves":1,"paraglider:rito_goddess_statue":4,"minecraft:granite":15,"minecraft:cave_vines_plant":16,"minecraft:grass_block":6,"gobber2:gobber2_ore_deepslate":66,"gobber2:gobber2_lucky_block":13,"minecraft:soul_soil":5,"minecraft:coal_block":11,"minecraft:spawner":6,"minecraft:gilded_blackstone":26,"minecraft:tall_seagrass":2,"gobber2:gobber2_ore":1,"minecraft:cobbled_deepslate":1,"minecraft:iron_ore":30,"minecraft:fire":9,"gobber2:gobber2_ore_nether":44,"minecraft:deepslate_lapis_ore":13,"minecraft:nether_brick_stairs":1,"minecraft:cave_vines":15,"minecraft:dirt_path":1,"minecraft:tripwire":3,"minecraft:deepslate_redstone_ore":2,"minecraft:sandstone_slab":1,"minecraft:crimson_nylium":5,"minecraft:soul_fire":2,"minecraft:clay":5,"minecraft:torch":28,"minecraft:calcite":2,"minecraft:melon":6,"iceandfire:ghost_chest":1,"gobber2:gobber2_lucky_block_nether":26,"minecraft:chest":3,"ancient_elements:deepslate_tin_ore":1,"minecraft:nether_quartz_ore":10,"minecraft:cobblestone":21,"minecraft:birch_wood":4,"minecraft:oak_planks":4,"minecraft:sugar_cane":3,"minecraft:smooth_sandstone_slab":2,"minecraft:wall_torch":22,"minecraft:amethyst_block":2,"paraglider:horned_statue":1,"minecraft:birch_log":6,"evilcraft:dark_ore_deepslate":3,"minecraft:wheat":1,"ancient_elements:nether_steel_ore":3,"minecraft:stripped_oak_wood":15,"minecraft:stone_brick_stairs":1,"minecraft:smooth_stone_slab":1,"minecraft:grass":44,"minecraft:oak_log":34,"minecraft:sand":11,"minecraft:dirt":10,"minecraft:smooth_basalt":1,"minecraft:wither_skeleton_skull":1,"minecraft:netherrack":46,"minecraft:oak_leaves":10,"minecraft:deepslate":729,"minecraft:nether_gold_ore":8,"minecraft:red_carpet":3,"minecraft:diamond_ore":1,"minecraft:tuff":51,"minecraft:mossy_cobblestone":3,"minecraft:deepslate_diamond_ore":58,"farmersdelight:wild_carrots":10,"minecraft:crimson_roots":3,"minecraft:weeping_vines":1,"minecraft:moss_block":4,"minecraft:sandstone":4,"minecraft:large_fern":1,"minecraft:oak_trapdoor":5,"minecraft:furnace":10,"minecraft:polished_basalt":1,"minecraft:orange_stained_glass_pane":4,"minecraft:andesite":22,"minecraft:bookshelf":26,"minecraft:deepslate_iron_ore":35,"minecraft:vine":4,"ancient_elements:palladium_ore":1,"minecraft:bamboo":15,"minecraft:stone":151,"minecraft:glass_pane":3,"minecraft:soul_sand":32,"minecraft:polished_granite":2,"minecraft:oak_fence":2,"minecraft:crafting_table":8,"minecraft:oak_wood":4,"minecraft:stone_slab":1,"minecraft:tall_grass":15,"minecraft:copper_ore":3,"minecraft:deepslate_gold_ore":24,"minecraft:lapis_ore":12,"minecraft:diorite":11,"minecraft:birch_planks":2,"gobber2:gobber2_lucky_block_deepslate":23,"minecraft:coal_ore":16,"minecraft:gravel":29,"minecraft:cobweb":21,"minecraft:stripped_acacia_wood":5,"minecraft:small_dripleaf":2,"minecraft:fern":4},"minecraft:broken":{"minecraft:iron_boots":1,"ancient_elements:iron_hammer":1},"minecraft:custom":{"minecraft:interact_with_crafting_table":51,"minecraft:open_barrel":1,"minecraft:leave_game":1,"minecraft:time_since_death":158618,"minecraft:sprint_one_cm":495485,"minecraft:drop":107,"minecraft:play_time":289357,"minecraft:deaths":2,"minecraft:jump":6592,"minecraft:walk_on_water_one_cm":30657,"minecraft:enchant_item":2,"minecraft:interact_with_furnace":34,"minecraft:sleep_in_bed":2,"minecraft:waystone_activated":1,"minecraft:damage_dealt":32779,"minecraft:crouch_one_cm":16814,"tombstone:undead_killed":65,"minecraft:mob_kills":207,"minecraft:damage_dealt_resisted":353,"minecraft:climb_one_cm":9072,"minecraft:walk_one_cm":651919,"minecraft:damage_dealt_absorbed":123,"minecraft:sneak_time":5559,"minecraft:walk_under_water_one_cm":19280,"minecraft:boat_one_cm":40,"minecraft:interact_with_blast_furnace":1,"minecraft:total_world_time":289357,"tombstone:raider_killed":9,"minecraft:time_since_rest":140074,"minecraft:damage_taken":9930,"minecraft:damage_absorbed":219,"tombstone:cast_on_ally":0,"minecraft:swim_one_cm":96353,"minecraft:fly_one_cm":1096302,"minecraft:open_chest":145,"minecraft:fall_one_cm":258868},"minecraft:killed":{"minecraft:cave_spider":3,"minecraft:spider":7,"minecraft:skeleton":26,"minecraft:chicken":2,"minecraft:silverfish":2,"alexsmobs:straddler":1,"minecraft:piglin":7,"alexsmobs:grizzly_bear":1,"minecraft:creeper":11,"alexsmobs:crimson_mosquito":13,"minecraft:sheep":7,"minecraft:zombie":31,"minecraft:blaze":2,"alexsmobs:raccoon":1,"minecraft:slime":67,"alexsmobs:rattlesnake":1,"minecraft:phantom":4,"iceandfire:fire_dragon":1,"iceandfire:troll":1,"minecraft:hoglin":5,"alexsmobs:catfish":1,"alexsmobs:gazelle":1,"minecraft:wither_skeleton":4},"minecraft:crafted":{"minecraft:oak_planks":188,"gobber2:gobber2_leggings":1,"gobber2:gobber2_pickaxe_nether":1,"gobber2:gobber2_chestplate":1,"minecraft:bookshelf":16,"minecraft:glass":3,"ancient_elements:diamond_hammer":1,"minecraft:diamond_helmet":1,"minecraft:bow":1,"minecraft:diamond_leggings":1,"minecraft:chest":7,"gobber2:gobber2_pickaxe":1,"minecraft:glass_bottle":3,"gobber2:gobber2_sword_nether":1,"gobber2:gobber2_ingot":45,"gobber2:gobber2_ingot_nether":18,"gobber2:gobber2_glob_nether":16,"minecraft:crafting_table":1,"minecraft:wooden_pickaxe":1,"gobber2:gobber2_rod":4,"minecraft:birch_planks":44,"minecraft:light_weighted_pressure_plate":1,"minecraft:stick":20,"gobber2:gobber2_hammer_nether":1,"minecraft:iron_ingot":37,"minecraft:iron_block":1,"minecraft:gold_ingot":3,"ancient_elements:stone_hammer":1,"gobber2:gobber2_axe_nether":1,"minecraft:oak_door":3,"minecraft:coal":81,"iceandfire:dragonbone_sword_fire":2,"minecraft:furnace":6,"minecraft:flint_and_steel":1,"minecraft:oak_trapdoor":2,"gobber2:gobber2_helmet":1,"gobber2:gobber2_glob":15,"minecraft:iron_axe":1,"gobber2:gobber2_boots":1,"gobber2:gobber2_sword":1,"iceandfire:dragonbone_sword":2,"minecraft:enchanting_table":1,"minecraft:iron_sword":1,"minecraft:air":0,"cubicracers:mach_celere":1,"minecraft:blue_dye":1,"ancient_elements:iron_hammer":2,"minecraft:torch":28,"minecraft:diamond_chestplate":1}},"DataVersion":3465}