{"stats":{"minecraft:broken":{"minecraft:iron_boots":1,"gobber2:gobber2_helmet":1,"ancient_elements:iron_hammer":1},"minecraft:picked_up":{"minecraft:anvil":2,"alexscaves:cave_tablet":2,"minecraft:enchanted_book":2,"minecraft:gilded_blackstone":19,"minecraft:stone_brick_stairs":1,"tombstone:grave_key":1,"ancient_elements:raw_palladium":18,"alexsmobs:gazelle_horn":1,"minecraft:string":36,"minecraft:soul_soil":5,"minecraft:raw_copper":8,"minecraft:smooth_stone_slab":1,"cubicracers:mach_celere":3,"gobber2:gobber2_glass_nether":10,"minecraft:beetroot":2,"minecraft:smooth_stone":1,"minecraft:diamond_leggings":1,"alexsmobs:blood_sac":13,"minecraft:gold_nugget":701,"minecraft:cobbled_deepslate":2226,"bosses_of_mass_destruction:soul_star":2,"minecraft:rose_bush":2,"dungeonnowloading:mossy_cobblestone_pebble":5,"minecraft:melon_slice":100,"minecraft:coal_block":11,"minecraft:iron_boots":1,"minecraft:furnace":10,"minecraft:stick":4,"minecraft:oak_fence":1,"minecraft:torch":130,"minecraft:porkchop":18,"tombstone:grave_dust":16,"minecraft:diorite":19,"alexsmobs:centipede_leg":2,"minecraft:rabbit_foot":4,"minecraft:honey_bottle":2,"gobber2:gobber2_foo":4,"minecraft:rotten_flesh":40,"farmersdelight:onion":1,"graveyard:small_brown_urn":2,"graveyard:gray_urn":1,"iceandfire:fire_dragon_heart":1,"minecraft:wolf_spawn_egg":1,"minecraft:obsidian":49,"minecraft:iron_bars":11,"minecraft:blaze_powder":3,"minecraft:cobblestone":690,"minecraft:birch_log":44,"minecraft:leather_chestplate":1,"tombstone:soul_receptacle":2,"minecraft:magma_cream":10,"minecraft:feather":3,"minecraft:cooked_beef":1,"minecraft:iron_door":2,"minecraft:andesite":25,"minecraft:potato":9,"alexsmobs:bear_fur":1,"ancient_elements:raw_lead":5,"paraglider:spirit_orb":52,"minecraft:flint":3,"minecraft:tuff":256,"create:raw_zinc":2,"gobber2:gobber2_gooey_bread_nether":17,"minecraft:wither_skeleton_skull":43,"minecraft:lapis_lazuli":400,"minecraft:lantern":1,"minecraft:dirt":215,"tombstone:familiar_receptacle":1,"gobber2:gobber2_ore_nether":32,"minecraft:leather_boots":1,"minecraft:bone":63,"gobber2:gobber2_gooey_beef":21,"minecraft:wheat_seeds":25,"minecraft:raw_gold":214,"minecraft:cobbled_deepslate_slab":1,"gobber2:gobber2_globette":303,"minecraft:mossy_stone_bricks":2,"minecraft:bamboo":164,"minecraft:moss_block":8,"minecraft:oak_planks":39,"gobber2:gobber2_gooey_bread":33,"minecraft:ghast_tear":5,"gobber2:gobber2_rod_nether":14,"minecraft:cooked_porkchop":2,"minecraft:stripped_acacia_wood":5,"iceandfire:dragon_skull_fire":2,"minecraft:sand":11,"iceandfire:stymphalian_bird_feather":2,"minecraft:fermented_spider_eye":10,"minecraft:grass_block":1,"minecraft:nether_brick_stairs":1,"dungeonnowloading:wooden_wall_rack":5,"minecraft:mossy_cobblestone":19,"minecraft:dark_prismarine":2,"minecraft:bundle":2,"minecraft:white_candle":3,"minecraft:diamond":268,"waystones:waystone":5,"graveyard:small_red_urn":1,"minecraft:granite":19,"minecraft:cocoa_beans":5,"dungeonnowloading:wooden_wall_platform":1,"minecraft:emerald":3,"minecraft:bread":13,"iceandfire:troll_leather_forest":8,"minecraft:oak_sapling":5,"minecraft:netherrack":2794,"minecraft:nether_star":4,"minecraft:crimson_roots":4,"gobber2:gobber2_goo":21,"iceandfire:raw_silver":1,"iceandfire:dragon_skull_lightning":2,"minecraft:crafting_table":8,"minecraft:sandstone_slab":2,"minecraft:chicken":2,"iceandfire:witherbone":6,"minecraft:nether_wart":12,"minecraft:clay_ball":52,"minecraft:leather_leggings":2,"dungeonnowloading:cobblestone_pebble":6,"paraglider:heart_container":12,"minecraft:chain":2,"minecraft:oak_trapdoor":73,"evilcraft:poison_sac":1,"minecraft:iron_shovel":1,"dungeonnowloading:spawner_fragment":139,"graveyard:corruption":15,"paraglider:rito_goddess_statue":7,"minecraft:beef":3,"ancient_elements:raw_infernal_ore":10,"minecraft:spruce_slab":2,"minecraft:light_gray_wool":1,"minecraft:chest":6,"minecraft:sugar_cane":13,"minecraft:polished_deepslate_slab":3,"minecraft:phantom_membrane":4,"minecraft:egg":5,"iceandfire:dragonbone":109,"minecraft:raw_iron":383,"minecraft:sandstone":4,"ancient_elements:raw_steel":3,"minecraft:stone":4,"sophisticatedbackpacks:backpack":5,"minecraft:polished_blackstone_bricks":1,"farmersdelight:tomato_seeds":2,"ancient_elements:raw_tin":5,"minecraft:carrot":17,"minecraft:redstone":6,"minecraft:dark_oak_planks":6,"minecraft:smooth_sandstone_slab":2,"gobber2:gobber2_globette_nether":105,"minecraft:diamond_chestplate":1,"minecraft:arrow":56,"gobber2:gobber2_gooey_beef_nether":15,"minecraft:diamond_boots":1,"minecraft:hay_block":11,"tombstone:essence_of_undeath":1,"minecraft:gold_ingot":18,"paraglider:horned_statue":2,"minecraft:glow_berries":30,"minecraft:mutton":11,"minecraft:white_wool":10,"minecraft:oxeye_daisy":1,"minecraft:basalt":1,"minecraft:leather":4,"gobber2:gobber2_gooey_beefstew":8,"minecraft:acacia_wood":2,"minecraft:filled_map":1,"minecraft:birch_planks":2,"graveyard:small_light_gray_urn":4,"minecraft:oak_log":69,"minecraft:gunpowder":28,"tombstone:voodoo_poppet":3,"alexsmobs:mosquito_proboscis":3,"minecraft:cooked_mutton":5,"minecraft:red_carpet":3,"minecraft:coast_armor_trim_smithing_template":2,"minecraft:apple":1,"minecraft:stone_bricks":4,"minecraft:wild_armor_trim_smithing_template":4,"minecraft:spruce_wood":4,"minecraft:iron_ingot":41,"minecraft:iron_ore":1,"minecraft:cobweb":29,"ancient_elements:raw_nether_steel":10,"minecraft:stripped_oak_wood":17,"gobber2:gobber2_gooey_beefstew_nether":7,"ancient_elements:nether_steel_ore":1,"iceandfire:fire_dragon_flesh":1,"minecraft:soul_sand":36,"minecraft:book":132,"minecraft:oak_slab":1,"iceandfire:copper_nugget":5,"minecraft:smooth_basalt":1,"minecraft:nether_quartz_ore":3,"minecraft:quartz":39,"minecraft:gravel":24,"minecraft:birch_stairs":1,"minecraft:amethyst_shard":2,"minecraft:blast_furnace":2,"minecraft:white_bed":1,"minecraft:crying_obsidian":33,"minecraft:spider_eye":4,"minecraft:leather_helmet":1,"tombstone:scroll_of_true_sight":1,"minecraft:oak_wood":4,"minecraft:pumpkin_seeds":3,"minecraft:slime_ball":100,"evilcraft:dark_gem":18,"minecraft:birch_sign":1,"minecraft:melon_seeds":1,"tombstone:magic_scroll":6,"minecraft:coal":196,"gobber2:gobber2_goo_nether":20,"minecraft:ender_pearl":2},"minecraft:dropped":{"iceandfire:raw_silver":1,"minecraft:moss_block":1,"minecraft:porkchop":2,"minecraft:sandstone_slab":1,"minecraft:glow_berries":1,"minecraft:lantern":1,"dungeonnowloading:cobblestone_pebble":2,"ancient_elements:raw_steel":3,"graveyard:corruption":12,"paraglider:spirit_orb":1,"minecraft:dirt":13,"minecraft:gold_nugget":100,"minecraft:amethyst_shard":2,"minecraft:phantom_membrane":3,"minecraft:fermented_spider_eye":10,"minecraft:gold_ingot":8,"minecraft:bone":33,"alexsmobs:centipede_leg":2,"iceandfire:stymphalian_bird_feather":2,"minecraft:gravel":10,"minecraft:cobbled_deepslate":960,"simplyswords:iron_twinblade":1,"minecraft:obsidian":24,"minecraft:rotten_flesh":20,"minecraft:white_candle":3,"minecraft:blaze_powder":3,"ancient_elements:diamond_hammer":1,"gobber2:gobber2_gooey_beefstew":2,"minecraft:honey_bottle":2,"evilcraft:poison_sac":1,"minecraft:rabbit_foot":4,"ancient_elements:raw_tin":5,"minecraft:leather_chestplate":1,"alexsmobs:blood_sac":4,"minecraft:gunpowder":6,"minecraft:melon_seeds":1,"minecraft:leather_boots":1,"minecraft:leather_leggings":3,"ancient_elements:molten_nether_steel_clump":6,"minecraft:iron_ore":1,"minecraft:arrow":19,"minecraft:ghast_tear":5,"minecraft:crying_obsidian":33,"minecraft:quartz":4,"minecraft:bread":9,"minecraft:wolf_spawn_egg":1,"minecraft:iron_ingot":7,"minecraft:oak_slab":3,"minecraft:enchanted_book":2,"minecraft:wheat_seeds":16,"gobber2:gobber2_foo":3,"gobber2:gobber2_globette_nether":15,"minecraft:feather":1,"minecraft:cobblestone":110,"minecraft:book":4,"minecraft:granite":4,"minecraft:stick":2,"minecraft:cobweb":16,"minecraft:diorite":2,"minecraft:torch":2,"minecraft:rose_bush":2,"tombstone:grave_dust":11,"minecraft:string":4,"create:raw_zinc":2,"minecraft:redstone":2,"minecraft:smooth_basalt":1,"minecraft:soul_soil":5,"minecraft:oak_trapdoor":1,"minecraft:cocoa_beans":5,"minecraft:raw_copper":3,"minecraft:smooth_stone_slab":1,"minecraft:tuff":134,"gobber2:gobber2_gooey_beef":5,"minecraft:raw_iron":3,"minecraft:clay_ball":4,"iceandfire:dragonbone_sword_fire":1,"minecraft:stone_slab":5,"minecraft:stripped_acacia_wood":5,"alexsmobs:bear_fur":1,"dungeonnowloading:spawner_fragment":4,"minecraft:pumpkin_seeds":3,"minecraft:potato":3,"minecraft:stone":7,"minecraft:diamond_chestplate":2,"minecraft:andesite":23,"minecraft:oak_sapling":3,"minecraft:spider_eye":3,"iceandfire:fire_dragon_heart":1,"minecraft:raw_gold":22,"minecraft:magma_cream":10},"minecraft:crafted":{"minecraft:grindstone":1,"minecraft:oak_planks":300,"gobber2:gobber2_leggings":1,"gobber2:gobber2_pickaxe_nether":1,"minecraft:stone":6,"gobber2:gobber2_chestplate":1,"minecraft:bookshelf":16,"minecraft:glass":3,"minecraft:hopper":4,"ancient_elements:diamond_hammer":1,"minecraft:diamond_helmet":1,"minecraft:bow":1,"minecraft:diamond_leggings":1,"iceandfire:dragonbone_arrow":15,"minecraft:chest":14,"gobber2:gobber2_pickaxe":1,"minecraft:glass_bottle":3,"minecraft:oak_slab":6,"gobber2:gobber2_sword_nether":1,"sophisticatedbackpacks:backpack":5,"gobber2:gobber2_ingot":45,"gobber2:gobber2_ingot_nether":24,"gobber2:gobber2_glob_nether":16,"minecraft:crafting_table":2,"minecraft:wooden_pickaxe":1,"gobber2:gobber2_rod":4,"iceandfire:wither_shard":3,"minecraft:birch_planks":44,"iceandfire:dragonbone_bow":1,"sophisticatedbackpacks:diamond_backpack":2,"minecraft:light_weighted_pressure_plate":1,"minecraft:stick":24,"minecraft:stone_slab":6,"minecraft:iron_ingot":102,"gobber2:gobber2_hammer_nether":1,"minecraft:iron_block":4,"minecraft:gold_ingot":67,"minecraft:light_gray_dye":1,"ancient_elements:stone_hammer":1,"gobber2:gobber2_axe_nether":1,"minecraft:oak_door":3,"minecraft:coal":81,"iceandfire:dragonbone_sword_fire":2,"minecraft:furnace":6,"minecraft:flint_and_steel":1,"minecraft:oak_trapdoor":26,"gobber2:gobber2_helmet":1,"gobber2:gobber2_glob":15,"minecraft:iron_axe":1,"gobber2:gobber2_boots":1,"ancient_elements:molten_nether_steel_clump":6,"minecraft:wheat":90,"sophisticatedbackpacks:iron_backpack":2,"gobber2:gobber2_sword":1,"iceandfire:dragonbone_sword":2,"minecraft:enchanting_table":1,"minecraft:iron_sword":1,"sophisticatedbackpacks:gold_backpack":2,"minecraft:bucket":2,"minecraft:bread":30,"minecraft:air":0,"cubicracers:mach_celere":1,"minecraft:blue_dye":3,"ancient_elements:iron_hammer":2,"minecraft:anvil":1,"minecraft:torch":28,"minecraft:diamond_chestplate":1},"minecraft:mined":{"dungeonnowloading:spikes":17,"minecraft:dark_oak_planks":1,"create:deepslate_zinc_ore":2,"minecraft:spruce_planks":1,"minecraft:white_bed":1,"minecraft:oak_sapling":1,"graveyard:gray_urn":1,"minecraft:jungle_leaves":1,"paraglider:rito_goddess_statue":4,"minecraft:granite":16,"minecraft:cave_vines_plant":16,"minecraft:grass_block":14,"gobber2:gobber2_ore_deepslate":137,"gobber2:gobber2_lucky_block":17,"minecraft:soul_soil":5,"minecraft:coal_block":11,"minecraft:oxeye_daisy":1,"minecraft:spawner":25,"minecraft:gilded_blackstone":26,"minecraft:polished_blackstone_bricks":1,"minecraft:smooth_stone":1,"minecraft:tall_seagrass":2,"gobber2:gobber2_ore":1,"farmersdelight:wild_rice":1,"minecraft:iron_ore":93,"minecraft:cobbled_deepslate":5,"minecraft:fire":11,"gobber2:gobber2_ore_nether":46,"minecraft:anvil":2,"minecraft:deepslate_lapis_ore":21,"minecraft:nether_brick_stairs":1,"minecraft:polished_deepslate_slab":6,"dungeonnowloading:wooden_wall_rack":8,"minecraft:cave_vines":15,"iceandfire:gold_pile":62,"minecraft:dirt_path":1,"minecraft:iron_bars":12,"graveyard:small_brown_urn":3,"graveyard:wither_skull_pile":1,"minecraft:spruce_slab":7,"minecraft:tripwire":6,"minecraft:deepslate_redstone_ore":3,"minecraft:sandstone_slab":1,"minecraft:crimson_nylium":22,"minecraft:soul_fire":2,"minecraft:note_block":1,"minecraft:clay":5,"minecraft:torch":46,"minecraft:blast_furnace":2,"minecraft:calcite":2,"minecraft:melon":6,"iceandfire:ghost_chest":1,"gobber2:gobber2_lucky_block_nether":29,"minecraft:chest":6,"minecraft:mushroom_stem":1,"ancient_elements:deepslate_tin_ore":1,"minecraft:nether_quartz_ore":14,"minecraft:cobblestone":24,"minecraft:birch_wood":4,"minecraft:oak_planks":4,"minecraft:sugar_cane":9,"minecraft:iron_door":2,"minecraft:smooth_sandstone_slab":2,"minecraft:wall_torch":43,"minecraft:amethyst_block":2,"ancient_elements:infernal_ore":2,"dungeonnowloading:gold_ingot_pile":4,"minecraft:nether_wart_block":3,"evilcraft:dark_ore_deepslate":3,"minecraft:birch_log":6,"paraglider:horned_statue":1,"minecraft:wheat":1,"ancient_elements:nether_steel_ore":3,"minecraft:stripped_oak_wood":17,"minecraft:stone_brick_stairs":1,"minecraft:smooth_stone_slab":2,"minecraft:grass":90,"dungeonnowloading:explosive_barrel":2,"minecraft:oak_log":60,"minecraft:beetroots":1,"dungeonnowloading:wooden_wall_platform":4,"minecraft:sand":11,"minecraft:dirt":30,"minecraft:smooth_basalt":1,"minecraft:wither_skeleton_skull":2,"minecraft:netherrack":699,"minecraft:oak_leaves":12,"minecraft:deepslate":1076,"minecraft:nether_gold_ore":12,"minecraft:dark_prismarine":2,"minecraft:red_carpet":3,"minecraft:diamond_ore":3,"minecraft:tuff":87,"minecraft:mossy_cobblestone":7,"minecraft:deepslate_diamond_ore":97,"farmersdelight:wild_carrots":10,"minecraft:cobbled_deepslate_slab":3,"graveyard:tg_deepslate":8,"dungeonnowloading:book_pile":2,"minecraft:crimson_roots":4,"minecraft:weeping_vines":1,"minecraft:redstone_wire":1,"minecraft:moss_block":8,"minecraft:sandstone":4,"minecraft:large_fern":1,"minecraft:hay_block":11,"minecraft:oak_trapdoor":8,"minecraft:furnace":10,"minecraft:polished_basalt":1,"minecraft:acacia_wood":2,"minecraft:orange_stained_glass_pane":4,"minecraft:andesite":23,"minecraft:bookshelf":26,"minecraft:deepslate_iron_ore":93,"minecraft:vine":4,"ancient_elements:palladium_ore":9,"minecraft:bamboo":15,"minecraft:stone":280,"minecraft:bone_block":1,"sophisticatedbackpacks:backpack":3,"minecraft:glass_pane":3,"minecraft:soul_sand":36,"minecraft:stripped_dark_oak_log":3,"minecraft:polished_granite":2,"graveyard:small_light_gray_urn":4,"minecraft:oak_fence":2,"minecraft:crafting_table":8,"minecraft:emerald_ore":1,"minecraft:oak_wood":4,"minecraft:rose_bush":3,"minecraft:stone_slab":1,"minecraft:tall_grass":24,"minecraft:copper_ore":3,"minecraft:deepslate_gold_ore":38,"minecraft:lapis_ore":16,"minecraft:diorite":20,"graveyard:small_red_urn":1,"minecraft:birch_planks":2,"graveyard:vase_block":3,"minecraft:birch_leaves":7,"gobber2:gobber2_lucky_block_deepslate":34,"minecraft:coal_ore":41,"minecraft:gravel":29,"graveyard:leaning_skeleton":1,"minecraft:cobweb":23,"minecraft:stripped_acacia_wood":5,"minecraft:stone_bricks":1,"minecraft:small_dripleaf":2,"minecraft:mossy_stone_bricks":3,"minecraft:gold_ore":28,"dungeonnowloading:iron_ingot_pile":6,"minecraft:fern":4},"minecraft:used":{"minecraft:moss_block":1,"gobber2:gobber2_goo":18,"gobber2:gobber2_gooey_bread":23,"minecraft:chest":14,"minecraft:iron_sword":14,"gobber2:gobber2_goo_nether":20,"gobber2:gobber2_sword_nether":728,"minecraft:soul_sand":26,"minecraft:mutton":2,"minecraft:milk_bucket":2,"minecraft:obsidian":11,"minecraft:crimson_roots":1,"minecraft:stone_brick_stairs":1,"minecraft:red_carpet":3,"minecraft:bow":17,"minecraft:hay_block":1,"minecraft:oak_sapling":1,"minecraft:furnace":15,"minecraft:egg":5,"gobber2:gobber2_pickaxe":502,"minecraft:diorite":1,"minecraft:leather_leggings":1,"minecraft:wither_skeleton_skull":16,"minecraft:oak_planks":1,"gobber2:gobber2_axe_nether":69,"minecraft:wooden_pickaxe":12,"minecraft:sandstone":4,"tombstone:scroll_of_true_sight":1,"minecraft:golden_apple":23,"minecraft:glow_berries":36,"waystones:waystone":5,"sophisticatedbackpacks:backpack":3,"gobber2:gobber2_gooey_beefstew":2,"minecraft:bread":54,"minecraft:melon_slice":7,"minecraft:iron_door":2,"minecraft:gravel":2,"iceandfire:dragon_skull_fire":2,"minecraft:grindstone":1,"minecraft:stripped_oak_wood":2,"minecraft:andesite":2,"minecraft:experience_bottle":19,"cubicracers:mach_celere":4,"minecraft:oak_fence":1,"minecraft:oak_trapdoor":74,"minecraft:enchanting_table":1,"minecraft:flint_and_steel":1,"gobber2:gobber2_pickaxe_nether":1058,"gobber2:gobber2_leggings":1,"minecraft:netherrack":2022,"minecraft:torch":137,"minecraft:dirt":89,"minecraft:anvil":1,"minecraft:hopper":4,"minecraft:oak_wood":4,"minecraft:granite":2,"ancient_elements:stone_hammer":37,"paraglider:horned_statue":1,"minecraft:bookshelf":16,"minecraft:iron_axe":135,"minecraft:light_weighted_pressure_plate":1,"gobber2:gobber2_gooey_beef":7,"minecraft:light_gray_wool":1,"paraglider:rito_goddess_statue":4,"minecraft:golden_carrot":7,"gobber2:gobber2_sword":336,"tombstone:gift":3,"minecraft:cooked_beef":1,"minecraft:cobbled_deepslate":287,"tombstone:scroll_of_mercy":5,"minecraft:cooked_mutton":5,"ancient_elements:diamond_hammer":585,"minecraft:water_bucket":14,"iceandfire:fire_dragon_flesh":1,"minecraft:birch_planks":46,"minecraft:bundle":1,"gobber2:gobber2_hammer_nether":744,"ancient_elements:iron_hammer":421,"iceandfire:dragon_skull_lightning":2,"minecraft:oak_slab":4,"minecraft:tnt":1,"minecraft:crafting_table":10,"minecraft:white_bed":1,"minecraft:apple":2,"iceandfire:dragonbone_sword_fire":3,"iceandfire:dragonbone_bow":97,"tombstone:magic_scroll":9,"minecraft:cobblestone":434,"minecraft:cooked_porkchop":2,"minecraft:bucket":16,"alexsmobs:animal_dictionary":1,"minecraft:splash_potion":2,"minecraft:birch_stairs":1,"gobber2:gobber2_gooey_beef_nether":15},"minecraft:killed":{"minecraft:cave_spider":3,"minecraft:witch":2,"graveyard:skeleton_creeper":2,"minecraft:spider":21,"iceandfire:stymphalian_bird":1,"minecraft:wither":4,"minecraft:skeleton":75,"graveyard:acolyte":10,"minecraft:chicken":3,"alexsmobs:centipede_head":1,"minecraft:silverfish":2,"alexsmobs:straddler":1,"minecraft:skeleton_horse":2,"minecraft:piglin":8,"minecraft:pig":1,"alexsmobs:grizzly_bear":1,"minecraft:iron_golem":1,"minecraft:creeper":34,"alexsmobs:crimson_mosquito":17,"mowziesmobs:lantern":2,"minecraft:sheep":14,"minecraft:zombie":93,"alexsmobs:terrapin":1,"minecraft:blaze":2,"minecraft:cow":4,"graveyard:nightmare":2,"alexsmobs:raccoon":1,"minecraft:slime":301,"alexsmobs:rattlesnake":1,"minecraft:phantom":12,"iceandfire:fire_dragon":1,"alexsmobs:bison":1,"graveyard:ghoul":4,"ancient_elements:aetherial_glaze":1,"iceandfire:troll":5,"ancient_elements:stone_golem":1,"minecraft:hoglin":13,"alexsmobs:catfish":1,"evilcraft:poisonous_libelle":1,"alexsmobs:gazelle":1,"minecraft:wither_skeleton":6,"minecraft:villager":1,"minecraft:enderman":3},"minecraft:custom":{"minecraft:interact_with_crafting_table":69,"minecraft:open_barrel":61,"minecraft:bell_ring":1,"minecraft:leave_game":8,"minecraft:time_since_death":109277,"minecraft:sprint_one_cm":943761,"minecraft:drop":263,"minecraft:play_noteblock":4,"minecraft:talked_to_villager":1,"minecraft:play_time":552924,"minecraft:deaths":3,"minecraft:jump":14411,"minecraft:interact_with_brewingstand":3,"tombstone:kill_undead_boss":4,"minecraft:walk_on_water_one_cm":55039,"minecraft:enchant_item":7,"minecraft:interact_with_furnace":57,"minecraft:sleep_in_bed":4,"minecraft:waystone_activated":6,"minecraft:damage_dealt":84146,"minecraft:crouch_one_cm":89892,"tombstone:undead_killed":198,"tombstone:villager_killed":1,"minecraft:horse_one_cm":425,"minecraft:interact_with_anvil":2,"minecraft:mob_kills":685,"minecraft:inspect_hopper":1,"minecraft:damage_dealt_resisted":353,"minecraft:climb_one_cm":16064,"minecraft:walk_one_cm":1239292,"minecraft:damage_dealt_absorbed":236,"minecraft:sneak_time":22131,"minecraft:walk_under_water_one_cm":58789,"minecraft:boat_one_cm":40,"minecraft:interact_with_blast_furnace":1,"minecraft:total_world_time":552924,"tombstone:raider_killed":19,"minecraft:interact_with_grindstone":2,"minecraft:time_since_rest":93589,"minecraft:damage_taken":16099,"minecraft:damage_absorbed":759,"tombstone:cast_on_ally":0,"minecraft:swim_one_cm":138904,"minecraft:fly_one_cm":2406584,"minecraft:open_chest":306,"minecraft:fall_one_cm":615190}},"DataVersion":3465}