{"stats":{"minecraft:killed":{"minecraft:spider":5,"minecraft:skeleton":16,"graveyard:acolyte":3,"minecraft:piglin":1,"minecraft:iron_golem":1,"minecraft:creeper":2,"alexsmobs:crimson_mosquito":3,"minecraft:pillager":1,"minecraft:zombie":43,"minecraft:cow":3,"minecraft:slime":33,"minecraft:horse":6,"minecraft:hoglin":1,"iceandfire:ghost":6,"minecraft:wither_skeleton":31},"minecraft:used":{"minecraft:iron_shovel":498,"minecraft:polished_deepslate":68,"minecraft:poppy":2,"minecraft:oak_sign":3,"minecraft:chest":3,"minecraft:iron_sword":260,"minecraft:rotten_flesh":6,"minecraft:carrot":172,"minecraft:stripped_spruce_log":1,"minecraft:glass":36,"minecraft:lava_bucket":1,"minecraft:villager_spawn_egg":3,"gobber2:gobber2_hammer":987,"iceandfire:copper_pickaxe":66,"minecraft:hay_block":1,"minecraft:furnace":6,"minecraft:egg":1,"minecraft:wither_skeleton_skull":2,"minecraft:stone_pickaxe":58,"minecraft:oak_planks":22,"minecraft:wooden_pickaxe":9,"minecraft:blue_bed":4,"spartanweaponry:iron_boomerang":1,"minecraft:blast_furnace":3,"minecraft:stone_brick_wall":1,"waystones:waystone":1,"minecraft:melon_slice":54,"minecraft:bread":3,"iceandfire:dragon_skull_fire":1,"gobber2:gobber2_chestplate":1,"sophisticatedbackpacks:iron_backpack":1,"farmersdelight:rich_soil":1,"minecraft:netherrack":30,"minecraft:dirt":521,"minecraft:hopper":3,"minecraft:spruce_stairs":2,"minecraft:cobblestone_wall":48,"minecraft:bookshelf":6,"minecraft:iron_boots":1,"gobber2:gobber2_sword":21,"tombstone:gift":3,"minecraft:cooked_beef":7,"minecraft:cobbled_deepslate":40,"minecraft:light_gray_bed":1,"minecraft:wheat_seeds":2,"ancient_elements:diamond_hammer":47,"minecraft:water_bucket":2,"minecraft:birch_planks":1,"minecraft:baked_potato":24,"ancient_elements:iron_hammer":218,"minecraft:oak_slab":31,"minecraft:crafting_table":6,"minecraft:white_bed":1,"minecraft:smoker":1,"spartanweaponry:iron_battleaxe":93,"minecraft:stone_axe":81,"minecraft:chiseled_stone_bricks":4,"minecraft:cobblestone":45,"minecraft:bucket":3,"minecraft:yellow_bed":2,"alexsmobs:animal_dictionary":1,"minecraft:diamond_leggings":1},"minecraft:broken":{"minecraft:iron_shovel":1,"minecraft:diamond_boots":1,"minecraft:iron_sword":1,"minecraft:iron_helmet":1},"minecraft:picked_up":{"minecraft:wheat":1,"minecraft:iron_trapdoor":3,"minecraft:enchanted_book":1,"minecraft:gilded_blackstone":20,"ancient_elements:raw_palladium":23,"minecraft:golden_sword":1,"minecraft:amethyst_block":128,"minecraft:polished_deepslate":1,"minecraft:string":3,"create:limestone":11,"minecraft:raw_copper":89,"minecraft:smooth_stone_slab":3,"gobber2:gobber2_ore_deepslate":32,"minecraft:deepslate_tiles":8,"alexsmobs:blood_sac":2,"minecraft:gold_nugget":5,"minecraft:cobbled_deepslate":820,"bosses_of_mass_destruction:soul_star":1,"minecraft:melon_slice":66,"minecraft:coal_block":7,"minecraft:furnace":4,"minecraft:spruce_stairs":2,"minecraft:porkchop":2,"tombstone:grave_dust":9,"minecraft:diorite":22,"minecraft:brown_carpet":5,"gobber2:gobber2_foo":2,"minecraft:stone_sword":1,"minecraft:light_gray_bed":2,"minecraft:rotten_flesh":47,"minecraft:bookshelf":7,"minecraft:wolf_spawn_egg":2,"minecraft:obsidian":5,"minecraft:cobblestone":927,"minecraft:birch_log":7,"minecraft:feather":4,"minecraft:andesite":76,"minecraft:jungle_log":43,"minecraft:smoker":1,"minecraft:potato":29,"paraglider:spirit_orb":4,"minecraft:tuff":134,"evilcraft:flesh_humanoid":1,"minecraft:wither_skeleton_skull":1,"gobber2:gobber2_ore":1,"minecraft:lapis_lazuli":95,"minecraft:dirt":580,"minecraft:bone":43,"minecraft:wheat_seeds":46,"minecraft:raw_gold":181,"gobber2:gobber2_globette":89,"minecraft:fletching_table":1,"minecraft:bamboo":60,"minecraft:moss_block":9,"minecraft:oak_planks":3,"gobber2:gobber2_gooey_bread":3,"iceandfire:dragon_skull_fire":1,"minecraft:sand":51,"minecraft:stripped_spruce_log":1,"sophisticatedbackpacks:iron_backpack":1,"minecraft:mossy_cobblestone":1,"minecraft:bundle":1,"create:crimsite":46,"minecraft:diamond":161,"iceandfire:dragonbone_sword_fire":1,"waystones:waystone":2,"minecraft:granite":58,"minecraft:bread":1,"minecraft:oak_sapling":1,"minecraft:netherrack":65,"gobber2:gobber2_goo":1,"iceandfire:raw_silver":6,"minecraft:charcoal":2,"minecraft:crafting_table":1,"iceandfire:witherbone":6,"minecraft:stone_brick_wall":1,"minecraft:moss_carpet":9,"minecraft:wooden_sword":1,"minecraft:item_frame":4,"minecraft:blackstone":6,"dungeonnowloading:spawner_fragment":9,"graveyard:corruption":3,"iceandfire:bestiary":1,"minecraft:beef":7,"minecraft:poppy":6,"minecraft:sugar_cane":18,"minecraft:egg":1,"minecraft:raw_iron":313,"ancient_elements:raw_steel":17,"minecraft:copper_ingot":64,"ancient_elements:raw_tin":3,"minecraft:carrot":244,"minecraft:redstone":163,"gobber2:gobber2_globette_nether":8,"minecraft:arrow":11,"minecraft:hay_block":1,"minecraft:gold_ingot":4,"sophisticatedbackpacks:copper_backpack":1,"minecraft:cracked_deepslate_tiles":2,"farmersdelight:rich_soil":1,"minecraft:leather":13,"gobber2:gobber2_gooey_beefstew":4,"minecraft:birch_planks":1,"minecraft:oak_log":27,"minecraft:yellow_bed":2,"alexsmobs:mosquito_proboscis":2,"minecraft:blue_bed":3,"minecraft:stone_bricks":8,"mowziesmobs:foliaath_seed":1,"ancient_elements:diamond_hammer":1,"minecraft:iron_ingot":8,"minecraft:stone_pickaxe":1,"tombstone:bag_of_seeds":1,"minecraft:book":4,"minecraft:oak_slab":3,"minecraft:chiseled_stone_bricks":4,"minecraft:dandelion":1,"minecraft:dripstone_block":3,"minecraft:gravel":1,"minecraft:amethyst_shard":2,"minecraft:blast_furnace":7,"minecraft:white_bed":1,"minecraft:spruce_log":10,"minecraft:crying_obsidian":4,"minecraft:spider_eye":5,"minecraft:slime_ball":12,"minecraft:stone_axe":1,"evilcraft:dark_gem":62,"minecraft:coal":92},"minecraft:mined":{"minecraft:white_bed":2,"farmersdelight:rich_soil":1,"minecraft:granite":12,"minecraft:budding_amethyst":4,"minecraft:grass_block":150,"sophisticatedbackpacks:iron_backpack":1,"gobber2:gobber2_ore_deepslate":35,"minecraft:jungle_log":44,"minecraft:light_gray_bed":1,"minecraft:coal_block":5,"minecraft:chiseled_stone_bricks":4,"minecraft:gilded_blackstone":4,"minecraft:spawner":1,"graveyard:wither_skull_with_rib_cage":1,"gobber2:gobber2_ore":1,"minecraft:fire":11,"minecraft:iron_ore":31,"minecraft:cobbled_deepslate":4,"gobber2:gobber2_ore_nether":8,"graveyard:leaning_wither_skeleton":1,"minecraft:fletching_table":1,"minecraft:deepslate_lapis_ore":4,"create:limestone":1,"minecraft:deepslate_redstone_ore":10,"minecraft:blackstone":2,"minecraft:crimson_nylium":2,"minecraft:smoker":1,"minecraft:clay":6,"minecraft:blast_furnace":4,"minecraft:calcite":2,"minecraft:poppy":2,"minecraft:melon":12,"minecraft:glass":4,"minecraft:wither_skeleton_wall_skull":1,"minecraft:cobblestone":1,"minecraft:sugar_cane":6,"minecraft:oak_planks":2,"minecraft:amethyst_block":20,"ancient_elements:deepslate_steel_ore":4,"minecraft:deepslate_copper_ore":10,"graveyard:wither_skeleton_hand":1,"minecraft:birch_log":7,"evilcraft:dark_ore_deepslate":5,"minecraft:wheat":16,"minecraft:smooth_stone_slab":2,"minecraft:grass":18,"minecraft:cracked_deepslate_tiles":1,"minecraft:oak_log":27,"minecraft:beetroots":2,"minecraft:sand":51,"minecraft:dirt":370,"minecraft:smooth_basalt":6,"minecraft:netherrack":21,"create:crimsite":11,"minecraft:oak_leaves":3,"minecraft:deepslate":533,"minecraft:deepslate_tiles":1,"minecraft:diamond_ore":1,"minecraft:tuff":60,"minecraft:deepslate_diamond_ore":43,"minecraft:moss_block":4,"minecraft:hay_block":1,"minecraft:redstone_ore":2,"minecraft:furnace":4,"minecraft:carrots":65,"minecraft:andesite":22,"evilcraft:dark_ore":3,"minecraft:polished_deepslate":2,"minecraft:bookshelf":7,"minecraft:potatoes":8,"minecraft:deepslate_iron_ore":73,"minecraft:vine":9,"ancient_elements:palladium_ore":15,"minecraft:bamboo":5,"minecraft:stone":165,"ancient_elements:steel_ore":3,"minecraft:oak_slab":2,"minecraft:glass_pane":1,"minecraft:brown_carpet":5,"minecraft:dandelion":1,"minecraft:crafting_table":2,"minecraft:tall_grass":4,"minecraft:copper_ore":6,"minecraft:deepslate_gold_ore":53,"minecraft:diorite":10,"minecraft:spruce_stairs":1,"minecraft:birch_planks":1,"graveyard:vase_block":1,"minecraft:spruce_log":11,"minecraft:yellow_bed":2,"minecraft:coal_ore":20,"minecraft:gravel":1,"minecraft:stone_bricks":2,"minecraft:gold_ore":5},"minecraft:crafted":{"minecraft:oak_planks":108,"minecraft:oak_sign":3,"ancient_elements:nether_steel_ingot":6,"gobber2:gobber2_leggings":1,"gobber2:gobber2_chestplate":1,"minecraft:hopper":3,"minecraft:glass":40,"minecraft:diamond_leggings":1,"minecraft:iron_boots":1,"sophisticatedbackpacks:copper_backpack":1,"minecraft:chest":7,"iceandfire:copper_pickaxe":1,"minecraft:oak_slab":48,"sophisticatedbackpacks:backpack":3,"gobber2:gobber2_ingot":21,"gobber2:gobber2_glob_nether":26,"minecraft:crafting_table":5,"minecraft:spruce_planks":40,"minecraft:wooden_pickaxe":1,"gobber2:gobber2_hammer":1,"minecraft:baked_potato":40,"gobber2:gobber2_rod":2,"minecraft:copper_ingot":11,"minecraft:birch_planks":28,"minecraft:yellow_dye":1,"minecraft:stick":16,"minecraft:iron_ingot":130,"minecraft:gold_ingot":117,"minecraft:coal":9,"ancient_elements:steel_ingot":16,"minecraft:furnace":2,"minecraft:bone_meal":3,"gobber2:gobber2_glob":41,"minecraft:polished_deepslate":68,"minecraft:stone_pickaxe":1,"minecraft:cobblestone_wall":54,"sophisticatedbackpacks:iron_backpack":4,"minecraft:cooked_beef":7,"minecraft:red_dye":2,"minecraft:bucket":2,"minecraft:stone_axe":2,"minecraft:jungle_planks":16,"minecraft:white_dye":2,"ancient_elements:palladium_ingot":23,"minecraft:iron_shovel":2,"ancient_elements:iron_hammer":1},"minecraft:dropped":{"iceandfire:raw_silver":6,"create:crimsite":8,"paraglider:spirit_orb":2,"tombstone:bag_of_seeds":1,"minecraft:cracked_deepslate_tiles":2,"minecraft:gilded_blackstone":20,"minecraft:gold_nugget":5,"minecraft:gold_ingot":7,"minecraft:bone":2,"minecraft:stone_axe":1,"minecraft:cobbled_deepslate":405,"minecraft:wheat":1,"minecraft:rotten_flesh":11,"ancient_elements:raw_tin":3,"minecraft:poppy":2,"minecraft:leather_chestplate":1,"minecraft:deepslate_tiles":8,"iceandfire:bestiary":1,"minecraft:netherrack":1,"alexsmobs:mosquito_proboscis":1,"minecraft:enchanted_book":1,"minecraft:iron_ingot":20,"minecraft:wolf_spawn_egg":2,"minecraft:wheat_seeds":1,"minecraft:dripstone_block":3,"minecraft:feather":2,"minecraft:cobblestone":409,"minecraft:granite":1,"minecraft:diorite":13,"minecraft:iron_trapdoor":3,"tombstone:grave_dust":1,"minecraft:iron_shovel":1,"minecraft:moss_carpet":9,"minecraft:raw_copper":12,"minecraft:tuff":105,"iceandfire:dragonbone_sword_fire":1,"minecraft:iron_boots":1,"minecraft:blast_furnace":2,"minecraft:filled_map":1,"minecraft:andesite":64,"minecraft:light_gray_bed":1,"minecraft:spider_eye":4,"sophisticatedbackpacks:copper_backpack":1,"minecraft:stone_pickaxe":2},"minecraft:custom":{"minecraft:interact_with_crafting_table":51,"minecraft:open_barrel":21,"minecraft:bell_ring":6,"minecraft:leave_game":5,"minecraft:time_since_death":109307,"minecraft:sprint_one_cm":707953,"minecraft:drop":96,"minecraft:talked_to_villager":6,"minecraft:play_time":372252,"minecraft:deaths":2,"minecraft:jump":6054,"minecraft:walk_on_water_one_cm":58519,"minecraft:interact_with_furnace":56,"minecraft:sleep_in_bed":8,"minecraft:waystone_activated":1,"minecraft:damage_dealt":22845,"minecraft:crouch_one_cm":38183,"tombstone:undead_killed":96,"minecraft:interact_with_smoker":4,"minecraft:horse_one_cm":293,"minecraft:interact_with_anvil":1,"minecraft:mob_kills":156,"minecraft:climb_one_cm":1652,"minecraft:walk_one_cm":808176,"minecraft:sneak_time":14916,"minecraft:walk_under_water_one_cm":25646,"minecraft:interact_with_blast_furnace":27,"minecraft:total_world_time":372252,"tombstone:raider_killed":1,"minecraft:time_since_rest":4855,"minecraft:damage_taken":4076,"minecraft:swim_one_cm":78641,"minecraft:fly_one_cm":1187673,"minecraft:open_chest":102,"minecraft:fall_one_cm":162593}},"DataVersion":3465}