{"stats":{"minecraft:used":{"minecraft:polished_deepslate":4,"minecraft:chest":1,"minecraft:iron_sword":101,"farmersdelight:rich_soil":1,"minecraft:netherrack":17,"minecraft:dirt":24,"minecraft:spruce_stairs":2,"minecraft:carrot":98,"minecraft:stripped_spruce_log":1,"minecraft:iron_boots":1,"gobber2:gobber2_hammer":900,"iceandfire:copper_pickaxe":66,"minecraft:furnace":5,"tombstone:gift":3,"minecraft:egg":1,"minecraft:cooked_beef":7,"minecraft:cobbled_deepslate":40,"ancient_elements:diamond_hammer":39,"minecraft:wheat_seeds":2,"minecraft:wither_skeleton_skull":2,"minecraft:birch_planks":1,"minecraft:baked_potato":9,"minecraft:stone_pickaxe":58,"minecraft:wooden_pickaxe":9,"spartanweaponry:iron_boomerang":1,"ancient_elements:iron_hammer":218,"minecraft:crafting_table":3,"minecraft:blast_furnace":3,"minecraft:smoker":1,"spartanweaponry:iron_battleaxe":53,"waystones:waystone":1,"minecraft:bread":3,"minecraft:melon_slice":54,"minecraft:stone_axe":81,"minecraft:chiseled_stone_bricks":4,"minecraft:cobblestone":45,"iceandfire:dragon_skull_fire":1,"minecraft:yellow_bed":2,"alexsmobs:animal_dictionary":1,"gobber2:gobber2_chestplate":1,"minecraft:diamond_leggings":1},"minecraft:picked_up":{"minecraft:charcoal":2,"minecraft:crafting_table":1,"minecraft:wheat":1,"iceandfire:witherbone":1,"minecraft:gilded_blackstone":20,"ancient_elements:raw_palladium":23,"minecraft:golden_sword":1,"minecraft:amethyst_block":128,"create:limestone":11,"minecraft:moss_carpet":9,"minecraft:raw_copper":89,"minecraft:wooden_sword":1,"minecraft:smooth_stone_slab":3,"minecraft:item_frame":4,"minecraft:blackstone":6,"dungeonnowloading:spawner_fragment":5,"alexsmobs:blood_sac":2,"gobber2:gobber2_ore_deepslate":32,"iceandfire:bestiary":1,"minecraft:deepslate_tiles":8,"minecraft:cobbled_deepslate":818,"minecraft:gold_nugget":5,"minecraft:beef":7,"minecraft:poppy":2,"minecraft:coal_block":7,"minecraft:melon_slice":66,"minecraft:sugar_cane":18,"minecraft:furnace":4,"minecraft:egg":1,"minecraft:raw_iron":313,"ancient_elements:raw_steel":17,"minecraft:copper_ingot":64,"minecraft:porkchop":2,"minecraft:spruce_stairs":2,"ancient_elements:raw_tin":3,"tombstone:grave_dust":7,"minecraft:diorite":22,"minecraft:carrot":194,"minecraft:redstone":163,"gobber2:gobber2_foo":2,"gobber2:gobber2_globette_nether":8,"minecraft:arrow":6,"minecraft:stone_sword":1,"minecraft:rotten_flesh":19,"minecraft:wolf_spawn_egg":2,"minecraft:gold_ingot":4,"sophisticatedbackpacks:copper_backpack":1,"minecraft:obsidian":5,"minecraft:cobblestone":866,"minecraft:cracked_deepslate_tiles":2,"minecraft:birch_log":7,"farmersdelight:rich_soil":1,"minecraft:feather":4,"minecraft:jungle_log":43,"minecraft:andesite":76,"gobber2:gobber2_gooey_beefstew":4,"minecraft:leather":13,"minecraft:smoker":1,"minecraft:potato":29,"minecraft:birch_planks":1,"paraglider:spirit_orb":2,"minecraft:tuff":134,"alexsmobs:mosquito_proboscis":2,"evilcraft:flesh_humanoid":1,"gobber2:gobber2_ore":1,"minecraft:yellow_bed":2,"minecraft:wither_skeleton_skull":1,"minecraft:lapis_lazuli":95,"minecraft:dirt":28,"minecraft:bone":31,"minecraft:stone_bricks":8,"mowziesmobs:foliaath_seed":1,"minecraft:wheat_seeds":44,"minecraft:raw_gold":181,"minecraft:stone_pickaxe":1,"ancient_elements:diamond_hammer":1,"gobber2:gobber2_globette":89,"minecraft:fletching_table":1,"minecraft:bamboo":60,"minecraft:moss_block":9,"gobber2:gobber2_gooey_bread":3,"minecraft:book":4,"minecraft:chiseled_stone_bricks":4,"minecraft:dandelion":1,"minecraft:dripstone_block":3,"minecraft:gravel":1,"iceandfire:dragon_skull_fire":1,"minecraft:amethyst_shard":2,"minecraft:stripped_spruce_log":1,"minecraft:blast_furnace":3,"minecraft:spruce_log":10,"minecraft:crying_obsidian":4,"minecraft:spider_eye":3,"create:crimsite":46,"minecraft:diamond":161,"minecraft:stone_axe":1,"iceandfire:dragonbone_sword_fire":1,"waystones:waystone":2,"evilcraft:dark_gem":62,"minecraft:granite":58,"minecraft:bread":1,"minecraft:netherrack":57,"minecraft:coal":92,"gobber2:gobber2_goo":1,"iceandfire:raw_silver":6},"minecraft:dropped":{"minecraft:wolf_spawn_egg":2,"minecraft:iron_ingot":20,"iceandfire:raw_silver":6,"minecraft:wheat_seeds":1,"minecraft:dripstone_block":3,"minecraft:feather":2,"minecraft:cobblestone":305,"minecraft:granite":1,"create:crimsite":8,"paraglider:spirit_orb":2,"minecraft:diorite":13,"minecraft:cracked_deepslate_tiles":2,"tombstone:grave_dust":1,"minecraft:gilded_blackstone":20,"minecraft:gold_nugget":5,"minecraft:gold_ingot":7,"minecraft:bone":2,"minecraft:stone_axe":1,"minecraft:moss_carpet":9,"minecraft:cobbled_deepslate":403,"minecraft:raw_copper":12,"minecraft:tuff":105,"minecraft:wheat":1,"iceandfire:dragonbone_sword_fire":1,"ancient_elements:raw_tin":3,"minecraft:filled_map":1,"minecraft:leather_chestplate":1,"minecraft:deepslate_tiles":8,"minecraft:andesite":64,"iceandfire:bestiary":1,"sophisticatedbackpacks:copper_backpack":1,"minecraft:stone_pickaxe":2,"minecraft:netherrack":1,"alexsmobs:mosquito_proboscis":1},"minecraft:mined":{"minecraft:deepslate_tiles":1,"minecraft:diamond_ore":1,"minecraft:tuff":60,"farmersdelight:rich_soil":1,"minecraft:deepslate_diamond_ore":43,"minecraft:granite":12,"minecraft:budding_amethyst":4,"minecraft:grass_block":7,"gobber2:gobber2_ore_deepslate":35,"minecraft:jungle_log":44,"minecraft:coal_block":5,"minecraft:moss_block":4,"minecraft:spawner":1,"minecraft:gilded_blackstone":4,"minecraft:chiseled_stone_bricks":4,"graveyard:wither_skull_with_rib_cage":1,"minecraft:redstone_ore":2,"gobber2:gobber2_ore":1,"minecraft:furnace":4,"minecraft:carrots":52,"minecraft:fire":5,"minecraft:iron_ore":31,"minecraft:cobbled_deepslate":4,"gobber2:gobber2_ore_nether":8,"minecraft:andesite":22,"graveyard:leaning_wither_skeleton":1,"minecraft:fletching_table":1,"evilcraft:dark_ore":3,"minecraft:deepslate_lapis_ore":4,"minecraft:potatoes":8,"minecraft:vine":9,"minecraft:deepslate_iron_ore":73,"ancient_elements:palladium_ore":15,"minecraft:bamboo":5,"minecraft:stone":156,"create:limestone":1,"ancient_elements:steel_ore":3,"minecraft:deepslate_redstone_ore":10,"minecraft:glass_pane":1,"minecraft:crimson_nylium":2,"minecraft:blackstone":2,"minecraft:smoker":1,"minecraft:dandelion":1,"minecraft:crafting_table":1,"minecraft:clay":6,"minecraft:blast_furnace":3,"minecraft:calcite":2,"minecraft:poppy":2,"minecraft:melon":12,"minecraft:cobblestone":1,"minecraft:wither_skeleton_wall_skull":1,"minecraft:copper_ore":6,"minecraft:deepslate_gold_ore":53,"minecraft:sugar_cane":6,"minecraft:diorite":10,"ancient_elements:deepslate_steel_ore":4,"minecraft:amethyst_block":20,"minecraft:deepslate_copper_ore":10,"minecraft:spruce_stairs":1,"minecraft:birch_planks":1,"graveyard:wither_skeleton_hand":1,"evilcraft:dark_ore_deepslate":5,"minecraft:birch_log":7,"minecraft:wheat":16,"minecraft:spruce_log":11,"minecraft:yellow_bed":2,"minecraft:smooth_stone_slab":2,"minecraft:grass":7,"minecraft:cracked_deepslate_tiles":1,"minecraft:coal_ore":20,"minecraft:beetroots":2,"minecraft:gravel":1,"minecraft:dirt":3,"minecraft:smooth_basalt":6,"minecraft:stone_bricks":2,"minecraft:netherrack":21,"minecraft:gold_ore":5,"create:crimsite":11,"minecraft:oak_leaves":1,"minecraft:deepslate":533},"minecraft:custom":{"minecraft:interact_with_anvil":1,"minecraft:mob_kills":47,"minecraft:interact_with_crafting_table":33,"minecraft:open_barrel":18,"minecraft:bell_ring":6,"minecraft:leave_game":3,"minecraft:time_since_death":97828,"minecraft:climb_one_cm":1416,"minecraft:sprint_one_cm":381718,"minecraft:walk_one_cm":552851,"minecraft:drop":78,"minecraft:play_time":228446,"minecraft:deaths":1,"minecraft:sneak_time":4853,"minecraft:walk_under_water_one_cm":16672,"minecraft:jump":3013,"minecraft:interact_with_blast_furnace":25,"minecraft:walk_on_water_one_cm":51114,"minecraft:total_world_time":228446,"minecraft:interact_with_furnace":46,"minecraft:sleep_in_bed":4,"minecraft:time_since_rest":14357,"minecraft:waystone_activated":1,"minecraft:damage_taken":2178,"minecraft:damage_dealt":9939,"minecraft:swim_one_cm":76811,"minecraft:fly_one_cm":542896,"minecraft:open_chest":56,"minecraft:crouch_one_cm":11495,"tombstone:undead_killed":30,"minecraft:interact_with_smoker":3,"minecraft:fall_one_cm":60763},"minecraft:killed":{"minecraft:spider":1,"minecraft:skeleton":9,"minecraft:horse":6,"minecraft:piglin":1,"minecraft:hoglin":1,"minecraft:creeper":1,"alexsmobs:crimson_mosquito":3,"minecraft:zombie":19,"iceandfire:ghost":1,"minecraft:wither_skeleton":1,"minecraft:cow":3},"minecraft:crafted":{"minecraft:coal":9,"ancient_elements:nether_steel_ingot":6,"gobber2:gobber2_leggings":1,"minecraft:furnace":1,"gobber2:gobber2_chestplate":1,"minecraft:bone_meal":3,"gobber2:gobber2_glob":41,"minecraft:diamond_leggings":1,"minecraft:iron_boots":1,"sophisticatedbackpacks:copper_backpack":1,"minecraft:polished_deepslate":4,"minecraft:stone_pickaxe":1,"minecraft:chest":2,"iceandfire:copper_pickaxe":1,"sophisticatedbackpacks:iron_backpack":4,"minecraft:cooked_beef":7,"minecraft:red_dye":2,"sophisticatedbackpacks:backpack":3,"gobber2:gobber2_ingot":21,"gobber2:gobber2_glob_nether":26,"minecraft:crafting_table":2,"minecraft:spruce_planks":40,"gobber2:gobber2_hammer":1,"minecraft:wooden_pickaxe":1,"minecraft:baked_potato":20,"gobber2:gobber2_rod":2,"minecraft:copper_ingot":11,"minecraft:birch_planks":28,"minecraft:stone_axe":2,"minecraft:jungle_planks":16,"minecraft:yellow_dye":1,"minecraft:white_dye":2,"minecraft:stick":8,"ancient_elements:palladium_ingot":23,"minecraft:iron_ingot":121,"minecraft:gold_ingot":117,"ancient_elements:iron_hammer":1}},"DataVersion":3465}