{"stats":{"minecraft:used":{"minecraft:polished_deepslate":4,"minecraft:chest":1,"minecraft:iron_sword":78,"farmersdelight:rich_soil":1,"minecraft:dirt":24,"minecraft:spruce_stairs":2,"minecraft:carrot":47,"minecraft:stripped_spruce_log":1,"minecraft:iron_boots":1,"gobber2:gobber2_hammer":340,"iceandfire:copper_pickaxe":62,"minecraft:furnace":5,"tombstone:gift":3,"minecraft:egg":1,"minecraft:cooked_beef":7,"minecraft:cobbled_deepslate":40,"ancient_elements:diamond_hammer":8,"minecraft:wheat_seeds":2,"minecraft:wither_skeleton_skull":2,"minecraft:birch_planks":1,"minecraft:stone_pickaxe":58,"minecraft:wooden_pickaxe":9,"spartanweaponry:iron_boomerang":1,"ancient_elements:iron_hammer":218,"minecraft:crafting_table":3,"minecraft:blast_furnace":3,"minecraft:smoker":1,"spartanweaponry:iron_battleaxe":43,"waystones:waystone":1,"minecraft:bread":3,"minecraft:melon_slice":54,"minecraft:stone_axe":81,"minecraft:chiseled_stone_bricks":4,"minecraft:cobblestone":22,"iceandfire:dragon_skull_fire":1,"minecraft:yellow_bed":2,"alexsmobs:animal_dictionary":1,"gobber2:gobber2_chestplate":1,"minecraft:diamond_leggings":1},"minecraft:picked_up":{"minecraft:charcoal":2,"minecraft:crafting_table":1,"minecraft:wheat":1,"iceandfire:witherbone":1,"minecraft:gilded_blackstone":20,"minecraft:golden_sword":1,"minecraft:amethyst_block":128,"minecraft:moss_carpet":9,"minecraft:raw_copper":84,"minecraft:wooden_sword":1,"minecraft:smooth_stone_slab":3,"minecraft:item_frame":4,"minecraft:blackstone":6,"dungeonnowloading:spawner_fragment":5,"gobber2:gobber2_ore_deepslate":2,"iceandfire:bestiary":1,"minecraft:deepslate_tiles":8,"minecraft:cobbled_deepslate":572,"minecraft:gold_nugget":5,"minecraft:beef":7,"minecraft:poppy":2,"minecraft:coal_block":7,"minecraft:melon_slice":66,"minecraft:sugar_cane":18,"minecraft:furnace":4,"minecraft:egg":1,"minecraft:raw_iron":163,"ancient_elements:raw_steel":14,"minecraft:copper_ingot":64,"minecraft:spruce_stairs":2,"tombstone:grave_dust":7,"minecraft:diorite":22,"minecraft:carrot":94,"minecraft:redstone":158,"gobber2:gobber2_foo":2,"minecraft:arrow":5,"minecraft:stone_sword":1,"minecraft:rotten_flesh":17,"sophisticatedbackpacks:copper_backpack":1,"minecraft:obsidian":5,"minecraft:cobblestone":751,"minecraft:cracked_deepslate_tiles":2,"minecraft:birch_log":7,"farmersdelight:rich_soil":1,"minecraft:feather":4,"minecraft:jungle_log":43,"minecraft:andesite":12,"gobber2:gobber2_gooey_beefstew":4,"minecraft:leather":12,"minecraft:smoker":1,"minecraft:potato":29,"minecraft:birch_planks":1,"paraglider:spirit_orb":2,"minecraft:tuff":33,"minecraft:yellow_bed":2,"minecraft:wither_skeleton_skull":1,"minecraft:lapis_lazuli":80,"minecraft:dirt":28,"minecraft:bone":29,"minecraft:stone_bricks":8,"mowziesmobs:foliaath_seed":1,"minecraft:wheat_seeds":44,"minecraft:raw_gold":54,"minecraft:stone_pickaxe":1,"ancient_elements:diamond_hammer":1,"gobber2:gobber2_globette":56,"minecraft:bamboo":60,"minecraft:moss_block":9,"gobber2:gobber2_gooey_bread":3,"minecraft:book":4,"minecraft:chiseled_stone_bricks":4,"minecraft:dandelion":1,"minecraft:dripstone_block":3,"minecraft:gravel":1,"iceandfire:dragon_skull_fire":1,"minecraft:amethyst_shard":2,"minecraft:stripped_spruce_log":1,"minecraft:blast_furnace":3,"minecraft:spruce_log":10,"minecraft:crying_obsidian":4,"minecraft:spider_eye":3,"minecraft:diamond":70,"minecraft:stone_axe":1,"waystones:waystone":2,"evilcraft:dark_gem":54,"minecraft:granite":58,"minecraft:bread":1,"minecraft:coal":92,"gobber2:gobber2_goo":1,"iceandfire:raw_silver":6},"minecraft:dropped":{"iceandfire:raw_silver":6,"minecraft:wheat_seeds":1,"minecraft:dripstone_block":3,"minecraft:feather":2,"minecraft:cobblestone":298,"minecraft:granite":1,"minecraft:diorite":13,"minecraft:cracked_deepslate_tiles":2,"tombstone:grave_dust":1,"minecraft:gilded_blackstone":20,"minecraft:gold_nugget":5,"minecraft:stone_axe":1,"minecraft:moss_carpet":9,"minecraft:cobbled_deepslate":227,"minecraft:raw_copper":3,"minecraft:tuff":28,"minecraft:wheat":1,"minecraft:leather_chestplate":1,"minecraft:deepslate_tiles":8,"iceandfire:bestiary":1,"sophisticatedbackpacks:copper_backpack":1,"minecraft:stone_pickaxe":2},"minecraft:mined":{"minecraft:deepslate_tiles":1,"minecraft:diamond_ore":1,"minecraft:tuff":25,"farmersdelight:rich_soil":1,"minecraft:deepslate_diamond_ore":15,"minecraft:granite":12,"minecraft:budding_amethyst":4,"minecraft:grass_block":7,"gobber2:gobber2_ore_deepslate":3,"minecraft:jungle_log":44,"minecraft:coal_block":5,"minecraft:moss_block":4,"minecraft:spawner":1,"minecraft:gilded_blackstone":4,"minecraft:chiseled_stone_bricks":4,"graveyard:wither_skull_with_rib_cage":1,"minecraft:redstone_ore":2,"minecraft:furnace":4,"minecraft:carrots":27,"minecraft:iron_ore":14,"minecraft:cobbled_deepslate":3,"minecraft:andesite":7,"graveyard:leaning_wither_skeleton":1,"evilcraft:dark_ore":3,"minecraft:deepslate_lapis_ore":4,"minecraft:potatoes":8,"minecraft:vine":9,"minecraft:deepslate_iron_ore":40,"minecraft:bamboo":5,"minecraft:stone":130,"ancient_elements:steel_ore":3,"minecraft:deepslate_redstone_ore":9,"minecraft:glass_pane":1,"minecraft:blackstone":2,"minecraft:smoker":1,"minecraft:dandelion":1,"minecraft:crafting_table":1,"minecraft:clay":6,"minecraft:blast_furnace":3,"minecraft:calcite":2,"minecraft:poppy":2,"minecraft:melon":12,"minecraft:cobblestone":1,"minecraft:wither_skeleton_wall_skull":1,"minecraft:copper_ore":6,"minecraft:deepslate_gold_ore":14,"minecraft:sugar_cane":6,"minecraft:diorite":10,"ancient_elements:deepslate_steel_ore":1,"minecraft:amethyst_block":20,"minecraft:deepslate_copper_ore":10,"minecraft:spruce_stairs":1,"minecraft:birch_planks":1,"graveyard:wither_skeleton_hand":1,"evilcraft:dark_ore_deepslate":4,"minecraft:birch_log":7,"minecraft:wheat":16,"minecraft:spruce_log":11,"minecraft:yellow_bed":2,"minecraft:smooth_stone_slab":2,"minecraft:grass":7,"minecraft:cracked_deepslate_tiles":1,"minecraft:coal_ore":20,"minecraft:beetroots":2,"minecraft:dirt":3,"minecraft:smooth_basalt":6,"minecraft:stone_bricks":2,"minecraft:gold_ore":4,"minecraft:oak_leaves":1,"minecraft:deepslate":239},"minecraft:custom":{"minecraft:mob_kills":38,"minecraft:interact_with_crafting_table":27,"minecraft:open_barrel":11,"minecraft:leave_game":3,"minecraft:time_since_death":19828,"minecraft:climb_one_cm":1416,"minecraft:sprint_one_cm":267339,"minecraft:walk_one_cm":380828,"minecraft:drop":42,"minecraft:play_time":150446,"minecraft:deaths":1,"minecraft:sneak_time":1468,"minecraft:walk_under_water_one_cm":15265,"minecraft:jump":2107,"minecraft:interact_with_blast_furnace":3,"minecraft:walk_on_water_one_cm":46677,"minecraft:total_world_time":150446,"minecraft:interact_with_furnace":37,"minecraft:sleep_in_bed":1,"minecraft:time_since_rest":18186,"minecraft:waystone_activated":1,"minecraft:damage_taken":1887,"minecraft:damage_dealt":8137,"minecraft:swim_one_cm":75023,"minecraft:fly_one_cm":399126,"minecraft:open_chest":36,"minecraft:crouch_one_cm":4000,"tombstone:undead_killed":27,"minecraft:interact_with_smoker":1,"minecraft:fall_one_cm":44544},"minecraft:killed":{"minecraft:spider":1,"minecraft:skeleton":8,"minecraft:horse":6,"minecraft:zombie":18,"minecraft:wither_skeleton":1,"minecraft:cow":3},"minecraft:crafted":{"minecraft:coal":9,"ancient_elements:nether_steel_ingot":6,"minecraft:furnace":1,"gobber2:gobber2_chestplate":1,"minecraft:bone_meal":3,"gobber2:gobber2_glob":5,"minecraft:diamond_leggings":1,"minecraft:iron_boots":1,"sophisticatedbackpacks:copper_backpack":1,"minecraft:polished_deepslate":4,"minecraft:stone_pickaxe":1,"minecraft:chest":2,"iceandfire:copper_pickaxe":1,"sophisticatedbackpacks:iron_backpack":4,"minecraft:cooked_beef":7,"minecraft:red_dye":2,"sophisticatedbackpacks:backpack":3,"gobber2:gobber2_ingot":15,"gobber2:gobber2_glob_nether":26,"minecraft:crafting_table":2,"minecraft:spruce_planks":40,"gobber2:gobber2_hammer":1,"minecraft:wooden_pickaxe":1,"minecraft:baked_potato":20,"gobber2:gobber2_rod":2,"minecraft:copper_ingot":11,"minecraft:birch_planks":28,"minecraft:stone_axe":2,"minecraft:jungle_planks":16,"minecraft:yellow_dye":1,"minecraft:white_dye":2,"minecraft:stick":8,"minecraft:iron_ingot":52,"minecraft:gold_ingot":9,"ancient_elements:iron_hammer":1}},"DataVersion":3465}