{"stats":{"minecraft:used":{"minecraft:stone_axe":48,"minecraft:crafting_table":1,"alexsmobs:animal_dictionary":1,"minecraft:wooden_pickaxe":9,"minecraft:iron_sword":6},"minecraft:picked_up":{"minecraft:bone":2,"minecraft:feather":2,"minecraft:arrow":1,"minecraft:jungle_log":38,"mowziesmobs:foliaath_seed":1,"minecraft:bread":1,"minecraft:bamboo":28,"minecraft:cobblestone":9},"minecraft:custom":{"minecraft:open_barrel":5,"minecraft:time_since_rest":11002,"minecraft:open_chest":1,"tombstone:undead_killed":1,"minecraft:play_time":11002,"minecraft:sprint_one_cm":19245,"minecraft:damage_taken":126,"minecraft:walk_one_cm":23635,"minecraft:sneak_time":62,"minecraft:walk_under_water_one_cm":8447,"minecraft:mob_kills":2,"minecraft:jump":157,"minecraft:leave_game":1,"minecraft:damage_dealt":244,"minecraft:time_since_death":11002,"minecraft:walk_on_water_one_cm":15251,"minecraft:climb_one_cm":975,"minecraft:total_world_time":11002,"minecraft:swim_one_cm":54244,"minecraft:interact_with_crafting_table":5,"minecraft:fall_one_cm":3135,"minecraft:fly_one_cm":28068},"minecraft:killed":{"minecraft:skeleton":1},"minecraft:crafted":{"minecraft:stone_axe":1,"minecraft:crafting_table":1,"minecraft:stick":8,"minecraft:stone_pickaxe":1,"minecraft:wooden_pickaxe":1,"minecraft:jungle_planks":12},"minecraft:mined":{"minecraft:grass":4,"minecraft:vine":9,"minecraft:jungle_log":39,"minecraft:stone":9,"minecraft:bamboo":2}},"DataVersion":3465}